provider_place_id,provider_name,preferred_partner,name,longitude,latitude,street,city,region,postal_code,country_code,household_count,evs_access,reservable,evs_location,opening_hours_internal,open_24h,free_charge,auth_methods,payment_methods,entries,entry_exits,exits,notes,phone,url,picture_url,email,dyn_data,service_type,parking_slots,green_energy,floor_level,chargenow,yomi,status,legal_disclaimer,recent_use,operator_name,operator_id,suboperator_name,suboperator_id,verification_status,last_modified,num_dc_charge_points,num_ac_charge_points,max_dc_power,max_dc_amps,max_dc_volts,max_ac_power,max_ac_amps,max_ac_volts,typ1_count,typ2_count,typ3_count,typcn_count,typcndc_count,chademo_count,combotyp1_count,combotyp2_count,cee_count,station_name,district,p_ingestday,provider_id,Target_Date,Planned_Status
395815801_1101090002,CIS,,快充 特来电,116.107051,39.935151,市辖区门头沟区双峪路1号,北京市,北京市,,CN,,PUBLIC,NO,,"00:00,24:00;1,7|00:00,24:00;8,8",YES,,EASY_CHARGE,"CONTRACT,MOBIL",,,,,,"http://chargenow.evpowergroup.com/,http://chargenow.evpowergroup.com/",https://resource.teld.cn/teldimage/134/0caa86b6c29744d2a0e7a56a849bad99.jpg,,yes,Self-service,0,no,,no,,,The prices of the BMW Charging/MINI Charging partner apply.,,特来电,CHA:5479f3f7286204c4695bb304cc779436,,,,2025-08-26 23:33:33.209793,3,0,90.0,38.0,700.0,,,,,,,,3.0,,,,,特来电北京京西晨光酒店充电站,门头沟区,2025-08-30,256,2026-05-20,Pending
324887859_243,CIS,,快充/慢充 珠海驿联,115.956955,39.748853,房山区燕山岗北路4号,北京市,北京市,,CN,,PUBLIC,NO,,"00:00,24:00;1,7|00:00,24:00;8,8",YES,,,"CONTRACT,MOBIL",,,,,+86 189 3155 8867,"http://chargenow.evpowergroup.com/,http://chargenow.evpowergroup.com/",,,yes,Self-service,0,no,,no,,,The prices of the BMW Charging/MINI Charging partner apply.,,珠海驿联,CHA:035111436a4c339e43a366c9725affa0,,,,2025-08-26 23:33:33.209793,2,4,30.0,30.0,1000.0,7.0,32.0,253.0,,,,4.0,2.0,,,,,北京优尚酒店管理有限公司充电站,房山区,2025-08-30,256,2026-06-01,Pending
MA002TMQX_110114MA002TMQX0051,CIS,,快充 国家电网,116.327445,40.059492,金榜园小区西侧商户停车场,北京市,北京市,,CN,,PUBLIC,NO,,"00:00,24:00;1,7|00:00,24:00;8,8",YES,,EASY_CHARGE,CONTRACT,,,,,+86 186 0137 6118,"http://chargenow.evpowergroup.com/,http://chargenow.evpowergroup.com/",https://cdn-evone-oss.echargenet.com/zcContent/roadbook/110114001109/92AF9FEEFB04E20C0A751E1CC85CF069_WR,,yes,Self-service,0,yes,,no,,,The prices of the BMW Charging/MINI Charging partner apply.,,国家电网,CHA:5d01957224895f00aa963c7b896dd8d2,,,,2025-08-26 23:33:33.209793,19,0,60.0,125.0,750.0,,,,,,,,19.0,,,,,北京市昌平区金榜园小区公共充电站,昌平区,2025-08-30,256,2026-06-01,Pending
MA1MY0GF9_36793,CIS,,慢充 云快充,115.843823,40.476229,张山营镇政府食堂,北京市,北京市,,CN,,PUBLIC,NO,OUTDOOR,"00:00,24:00;1,7|00:00,24:00;8,8",YES,,,CONTRACT,,,,,,"http://chargenow.evpowergroup.com/,http://chargenow.evpowergroup.com/",https://wtayvyzzmyanm9vx-car-test.oss-cn-hangzhou.aliyuncs.com/1629454691119.jpg,,yes,Self-service,6,no,,no,,,The prices of the BMW Charging/MINI Charging partner apply.,,云快充,CHA:4d9747130d414f242146ba7633c35a78,,,,2025-08-26 23:33:33.209793,0,6,,,,7.0,33.0,245.0,,,,6.0,,,,,,张山营镇政府食堂充电站,延庆区,2025-08-30,256,2026-06-01,Pending
MA01QPN39_2945,CIS,,慢充 利嘉智充,115.982232,40.449306,延庆县妫水南街27号颍泽州商厦附近12米,北京市,北京市,,CN,,PUBLIC,NO,,"00:00,24:00;1,7|00:00,24:00;8,8",YES,,,"CONTRACT,MOBIL",,,,,+86 400 082 6699,"http://chargenow.evpowergroup.com/,http://chargenow.evpowergroup.com/",https://gkd-prod-public-1304271637.cos.ap-beijing.myqcloud.com/fpchargethird/img/station/f13cb863b2974e03909f965b6591e725.jpg,,yes,Self-service,0,no,,no,,,The prices of the BMW Charging/MINI Charging partner apply.,,利嘉智充,CHA:4fea5ab204b917156892c96a08cd68ce,,,,2025-08-26 23:33:33.209793,0,1,,,,7.0,32.0,220.0,,,,1.0,,,,,,元件厂小区充电站,延庆区,2025-08-30,256,2026-06-01,Pending
101437000_5790,CIS,,快充 小桔充电,116.379935,40.067856,店上村 进门直行即到,北京市,北京市,,CN,,PUBLIC,NO,OUTDOOR,"00:00,24:00;1,7|00:00,24:00;8,8",YES,,,"CONTRACT,MOBIL",,,,,,"http://chargenow.evpowergroup.com/,http://chargenow.evpowergroup.com/",https://comppad.didistatic.com/image/cab72821c71d7d8f.jpg?srcurl=http://100.69.238.49/static/comp-pad/cab72821c71d7d8f.jpg&mode=online&opt=resize&width=750&height=422,,yes,Self-service,18,no,,no,,,The prices of the BMW Charging/MINI Charging partner apply.,,小桔充电,CHA:24fd36632c112e6b90788e9ea473873f,,,,2025-08-26 23:33:33.209793,26,0,120.0,250.0,750.0,,,,,,,,26.0,,,,,北京昌平店上村充电站,昌平区,2025-08-30,256,2026-05-10,Pending
MA002TMQX_110106MA002TMQX0066,CIS,,快充 国家电网,116.432781,39.866632,方庄芳城园二区院内停车场,北京市,北京市,,CN,,PUBLIC,NO,,"00:00,24:00;1,7|00:00,24:00;8,8",YES,,EASY_CHARGE,CONTRACT,,,,,+86 186 0137 6118,"http://chargenow.evpowergroup.com/,http://chargenow.evpowergroup.com/",https://cdn-evone-oss.echargenet.com/zcContent/roadbook/3000000004823234524/42D36176C4CA59906FB74DBD1E4C5EC2_WR,,yes,Self-service,0,yes,,no,,,The prices of the BMW Charging/MINI Charging partner apply.,,国家电网,CHA:5d01957224895f00aa963c7b896dd8d2,,,,2025-08-26 23:33:33.209793,8,0,60.0,180.0,750.0,,,,,,,,8.0,,,,,北京市丰台区方庄芳城园二区公共充电站,丰台区,2025-08-30,256,2026-05-10,Pending
MA002TMQX_110107MA002TMQX0073,CIS,,快充 国家电网,116.231968,39.904589,鲁谷路33号中国中医科学院眼科医院停车场,北京市,北京市,,CN,,PUBLIC,NO,,"08:00,20:00;1,7",,,EASY_CHARGE,CONTRACT,,,,,+86 186 0137 6118,"http://chargenow.evpowergroup.com/,http://chargenow.evpowergroup.com/",https://cdn-evone-oss.echargenet.com/zcContent/roadbook/3000000005980562717/34163D6CEA54AB7CD8026C6FDF622A77_WR,,yes,Self-service,0,yes,,no,,,The prices of the BMW Charging/MINI Charging partner apply.,,国家电网,CHA:5d01957224895f00aa963c7b896dd8d2,,,,2025-08-26 23:33:33.209793,9,0,60.0,120.0,500.0,,,,,,,,9.0,,,,,北京市石景山区眼科医院公共充电站,石景山区,2025-08-30,256,2026-05-20,Pending
MA1MY0GF9_170045,CIS,,快充 云快充,116.388926,39.580637,加录垡汽车充电站,北京市,北京市,,CN,,PUBLIC,NO,OUTDOOR,"00:00,24:00;1,7|00:00,24:00;8,8",YES,,,CONTRACT,,,,,+86 400 828 8517,"http://chargenow.evpowergroup.com/,http://chargenow.evpowergroup.com/",https://static-cdn.ykccn.com/cpoApp/0e93f1a7a1b6464bb7b347753c624a12-1745658195424.jpg,,yes,Self-service,8,no,,no,,,The prices of the BMW Charging/MINI Charging partner apply.,,云快充,CHA:4d9747130d414f242146ba7633c35a78,,,,2025-08-26 23:33:33.209793,14,0,120.0,250.0,1000.0,,,,,,,,14.0,,,,,加录垡汽车充电站,大兴区,2025-08-30,256,2026-05-15,Pending
101437000_65199,CIS,,快充 小桔充电,116.695997,39.870757,临河里街道九棵树东路华远好天地1层华远·好天地东区D座,北京市,北京市,,CN,,PUBLIC,NO,OUTDOOR,"00:00,24:00;1,7|00:00,24:00;8,8",YES,,,"CONTRACT,MOBIL",,,,,+86 15 135 207 5758,"http://chargenow.evpowergroup.com/,http://chargenow.evpowergroup.com/",https://comppad.didistatic.com/static/comp-pad/cded8aa5a397f32b.blob,,yes,Self-service,0,no,,no,,,The prices of the BMW Charging/MINI Charging partner apply.,,小桔充电,CHA:24fd36632c112e6b90788e9ea473873f,,,,2025-08-26 23:33:33.209793,24,0,250.0,250.0,1000.0,,,,,,,,24.0,,,,,中石化龙禹通州迪卡侬充电站,通州区,2025-08-30,256,2026-05-15,Pending
MA59G0765_20531,CIS,,慢充 蔚景云,116.502481,39.91446,八里庄街道京港城市大厦,北京市,北京市,,CN,,PUBLIC,NO,,"00:00,24:00;1,7|00:00,24:00;8,8",YES,,,"CONTRACT,MOBIL",,,,,+86 400 680 3880,"http://chargenow.evpowergroup.com/,http://chargenow.evpowergroup.com/",http://wx.evking.cn/assets/img/default-240-360.jpg,,yes,Self-service,0,no,,no,,,The prices of the BMW Charging/MINI Charging partner apply.,,蔚景云,CHA:cfe026a0e28054198372cfa9f8e70f10,,,,2025-08-26 23:33:33.209793,0,9,,,,7.0,32.0,220.0,,,,9.0,,,,,,北京京港城市大厦充电站,朝阳区,2025-08-30,256,2026-05-20,Pending
551433697_544990049457004545,CIS,,慢充 优易充charge,116.751296,40.171638,道仙庄大街1号,北京市,北京市,,CN,,PUBLIC,NO,,"00:00,24:00;1,7|00:00,24:00;8,8",YES,,,"CONTRACT,MOBIL",,,,,+86 400 082 6699,"http://chargenow.evpowergroup.com/,http://chargenow.evpowergroup.com/",https://gkd-prod-public-1304271637.cos.ap-beijing.myqcloud.com/fpchargethird/img/station/cea7c4f0c60f408687953d39c6a566cf.jpg,,yes,Self-service,0,no,,no,,,The prices of the BMW Charging/MINI Charging partner apply.,,优易充charge,CHA:bbe839fa3bd57b7a0f0e29324be7455d,,,,2025-08-26 23:33:33.209793,0,4,,,,7.0,32.0,220.0,,,,4.0,,,,,,（公共站）北京市顺义区道仙庄充电站三站,顺义区,2025-08-30,256,2026-05-15,Pending
395815801_1101160114,CIS,,快充/慢充 特来电,116.62111,40.90255,市辖区怀柔区喇叭沟门满族乡喇叭沟门村北,北京市,北京市,,CN,,PUBLIC,NO,ALL,"00:00,24:00;1,7|00:00,24:00;8,8",YES,,,"CONTRACT,MOBIL",,,,,,"http://chargenow.evpowergroup.com/,http://chargenow.evpowergroup.com/",https://resource.teld.cn//teldimage/3b3d65ee8ef24381809f84aa6f8c3a1c.jpg,,yes,Self-service,0,no,,no,,,The prices of the BMW Charging/MINI Charging partner apply.,,特来电,CHA:5479f3f7286204c4695bb304cc779436,,,,2025-08-26 23:33:33.209793,1,4,30.0,60.0,500.0,7.0,32.0,220.0,,,,4.0,1.0,,,,,特来电北京怀柔喇叭沟门卫生院充电站,怀柔区,2025-08-30,256,2026-05-10,Pending
313744932_333990,CIS,,快充/慢充 星星充电,117.126231,40.174236,平和街与平兴街交叉口东,北京市,北京市,,CN,,PUBLIC,NO,OUTDOOR,"00:00,24:00;1,7|00:00,24:00;8,8",YES,,EASY_CHARGE,CONTRACT,,,,,+86 400 828 0768,"http://chargenow.evpowergroup.com/,http://chargenow.evpowergroup.com/",https://app-cdn.starcharge.com/27408ea0-8cc4-475b-bb5a-a44c1eb85602.JPG,,yes,Self-service,9,no,,no,,,The prices of the BMW Charging/MINI Charging partner apply.,,星星充电,CHA:5078046e5124cbb7ddb5ffbf48d64ccd,,,,2025-08-26 23:33:33.209793,6,3,60.0,120.0,750.0,7.0,32.0,253.0,,,,3.0,6.0,,,,,星星充电-平谷-联东U谷平谷科技园充电站,平谷区,2025-08-30,256,2026-05-20,Pending
324887859_ee11e3156ae842d98c733c235d1cd36c,CIS,,慢充 珠海驿联,116.503243,39.942488,朝阳区星火西路东200米东风苑1号院B2层,北京市,北京市,,CN,,PUBLIC,NO,,"00:00,24:00;1,7|00:00,24:00;8,8",YES,,,"CONTRACT,MOBIL",,,,,+86 185 1033 5000,"http://chargenow.evpowergroup.com/,http://chargenow.evpowergroup.com/",https://imagepd2.ev-z.com/chargeStationPicture/c26697e669a24691a748a74008cac86b.png,,yes,Self-service,0,no,,no,,,The prices of the BMW Charging/MINI Charging partner apply.,,珠海驿联,CHA:035111436a4c339e43a366c9725affa0,,,,2025-08-26 23:33:33.209793,0,3,,,,7.0,32.0,220.0,,,,3.0,,,,,,北京朝阳东风苑1号院充电站,朝阳区,2025-08-30,256,2026-05-20,Pending
MA002TMQX_110117MA002TMQX0067,CIS,,快充 国家电网,117.049882,40.097512,东高村镇北张岱村北张岱路与北张岱中路交叉口北侧公共停车场,北京市,北京市,,CN,,PUBLIC,NO,,"00:00,24:00;1,7|00:00,24:00;8,8",YES,,EASY_CHARGE,CONTRACT,,,,,+86 186 0137 6118,"http://chargenow.evpowergroup.com/,http://chargenow.evpowergroup.com/",https://cdn-evone-oss.echargenet.com/zcContent/roadbook/3000000015456987766/6BC79F8F88A21EA210CC7A7F4C98E0B5_WR,,yes,Self-service,0,yes,,no,,,The prices of the BMW Charging/MINI Charging partner apply.,,国家电网,CHA:5d01957224895f00aa963c7b896dd8d2,,,,2025-08-26 23:33:33.209793,8,0,60.0,150.0,750.0,,,,,,,,8.0,,,,,北京市平谷区北张岱村充电站,平谷区,2025-08-30,256,2026-05-10,Pending
101437000_20938,CIS,,快充 小桔充电,116.679253,39.889643,玉桥街道玉桥西里中街柳岸方园 入口直行100米,北京市,北京市,,CN,,PUBLIC,NO,OUTDOOR,"00:00,24:00;1,7|00:00,24:00;8,8",YES,,,"CONTRACT,MOBIL",,,,,+86 135 8263 5330,"http://chargenow.evpowergroup.com/,http://chargenow.evpowergroup.com/",https://s3-gz01.didistatic.com/epower-assets/upload/undefined/1870a768f9ad43fd9940973e522f42e4.jpeg,,yes,Self-service,44,no,,no,,,The prices of the BMW Charging/MINI Charging partner apply.,,小桔充电,CHA:24fd36632c112e6b90788e9ea473873f,,,,2025-08-26 23:33:33.209793,44,0,250.0,250.0,1000.0,,,,,,,,44.0,,,,,北京通州柳岸方园东侧充电站,通州区,2025-08-30,256,2026-06-01,Pending
MA1MY0GF9_168453,CIS,,快充/慢充 云快充,116.652492,39.913715,前上坡村路,北京市,北京市,,CN,,PUBLIC,NO,OUTDOOR,"00:00,24:00;1,7|00:00,24:00;8,8",YES,,,CONTRACT,,,,,+86 400 828 8517,"http://chargenow.evpowergroup.com/,http://chargenow.evpowergroup.com/",,,yes,Self-service,7,no,,no,,,The prices of the BMW Charging/MINI Charging partner apply.,,云快充,CHA:4d9747130d414f242146ba7633c35a78,,,,2025-08-26 23:33:33.209793,6,1,60.0,120.0,380.0,7.0,30.0,220.0,,,,1.0,6.0,,,,,前上坡村便民充电站,通州区,2025-08-30,256,2026-05-10,Pending
395815801_1101190343,CIS,,快充/慢充 特来电,115.970312,40.450211,市辖区延庆区延庆镇人民法院,北京市,北京市,,CN,,PUBLIC,NO,,"00:00,24:00;1,7|00:00,24:00;8,8",YES,,,"CONTRACT,MOBIL",,,,,,"http://chargenow.evpowergroup.com/,http://chargenow.evpowergroup.com/",https://resource.teld.cn/teldimage/134/mmexport164967044885120220411194652.jpg,,yes,Self-service,0,no,,no,,,The prices of the BMW Charging/MINI Charging partner apply.,,特来电,CHA:5479f3f7286204c4695bb304cc779436,,,,2025-08-26 23:33:33.209793,1,3,30.0,125.0,750.0,7.0,32.0,220.0,,,,3.0,1.0,,,,,特来电北京市延庆区人民法院充电站,延庆区,2025-08-30,256,2026-06-01,Pending
MA01QPN39_2899,CIS,,慢充 利嘉智充,115.979053,40.461733,川北西社区44号楼45号楼,北京市,北京市,,CN,,PUBLIC,NO,,"00:00,24:00;1,7|00:00,24:00;8,8",YES,,,"CONTRACT,MOBIL",,,,,+86 400 082 6699,"http://chargenow.evpowergroup.com/,http://chargenow.evpowergroup.com/",https://gkd-prod-public-1304271637.cos.ap-beijing.myqcloud.com/fpchargethird/img/station/20252d0cb83949fdb3747e27095b4e3a.jpg,,yes,Self-service,0,no,,no,,,The prices of the BMW Charging/MINI Charging partner apply.,,利嘉智充,CHA:4fea5ab204b917156892c96a08cd68ce,,,,2025-08-26 23:33:33.209793,0,7,,,,7.0,32.0,220.0,,,,7.0,,,,,,川北西社区44号楼45号楼充电站,延庆区,2025-08-30,256,2026-05-20,Pending
101437000_5354,CIS,3.0,快充 小桔充电,116.452749,39.79867,乐巢量贩式KTV(旧宫店) 场站东北侧,北京市,北京市,,CN,,PUBLIC,NO,OUTDOOR,"00:00,24:00;1,7|00:00,24:00;8,8",YES,,EASY_CHARGE,"CASH,CONTRACT",,,,,+86 137 1675 2083,"http://chargenow.evpowergroup.com/,http://chargenow.evpowergroup.com/",https://charging-media.bmw-emall.cn/station/comment/2025-04-10/101437000_5354/1.jpg,,yes,Self-service,12,no,,no,,,The prices of the BMW Charging/MINI Charging partner apply.,,小桔充电,CHA:24fd36632c112e6b90788e9ea473873f,,,,2025-08-26 23:33:33.209793,12,0,120.0,250.0,750.0,,,,,,,,12.0,,,,,北京大兴中福大厦充电站,大兴区,2025-08-30,256,2026-05-20,Pending
324887859_1ccadf24d5cd4c639659378a6126ffa8,CIS,,快充 珠海驿联,116.108189,39.895775,门头沟区冯石环线与石龙南路交叉路口往西北约50米欢乐大都汇（地下停车场）,北京市,北京市,,CN,,PUBLIC,NO,,"00:00,24:00;1,7|00:00,24:00;8,8",YES,,,"CONTRACT,MOBIL",,,,,+86 185 1033 5000,"http://chargenow.evpowergroup.com/,http://chargenow.evpowergroup.com/",,,yes,Self-service,0,no,,no,,,The prices of the BMW Charging/MINI Charging partner apply.,,珠海驿联,CHA:035111436a4c339e43a366c9725affa0,,,,2025-08-26 23:33:33.209793,4,0,40.0,160.0,750.0,,,,,,,,4.0,,,,,北京门头沟欢乐大都汇充电站,门头沟区,2025-08-30,256,2026-05-10,Pending
MADD8G2W4_1101060005,CIS,2.0,超充/快充 逸安启,116.354465,39.860441,西铁营万达广场B3层E区，近E028号车位,北京市,北京市,,CN,,PUBLIC,NO,INDOOR,"00:00,24:00;1,7|00:00,24:00;8,8",YES,,EASY_CHARGE,CONTRACT,,,,,,"http://chargenow.evpowergroup.com/,http://chargenow.evpowergroup.com/",https://resource.ionchi.com/teldimage/134/66e6a885eaff45ec8b43487b718445c4.jpg,,yes,Self-service,6,no,,no,,,The prices of the BMW Charging/MINI Charging partner apply.,,逸安启,CHA:8f94787a354778c0fade74a9ca73e85d,,,,2025-08-26 23:33:33.209793,6,0,360.0,600.0,1000.0,,,,,,,,6.0,,,,,逸安启超充站-北京西铁营万达广场,丰台区,2025-08-30,256,2026-05-15,Pending
320513112_10-994,CIS,,慢充 依威能源,116.639023,39.655775,采育镇福源路10号,北京市,北京市,,CN,,PUBLIC,NO,,"00:00,24:00;1,7|00:00,24:00;8,8",YES,,,"CONTRACT,MOBIL",,,,,,"http://chargenow.evpowergroup.com/,http://chargenow.evpowergroup.com/",,,yes,Self-service,0,no,,no,,,The prices of the BMW Charging/MINI Charging partner apply.,,依威能源,CHA:29a2e57083d64541a6731c3b908002e2,,,,2025-08-26 23:33:33.209793,0,12,,,,7.0,32.0,253.0,,,,12.0,,,,,,育新花园南里东车库,大兴区,2025-08-30,256,2026-06-01,Pending
MA1MY0GF9_34171,CIS,,慢充 云快充,115.904896,40.370706,康庄小区幸福园12号楼,北京市,北京市,,CN,,PUBLIC,NO,OUTDOOR,"00:00,24:00;1,7|00:00,24:00;8,8",YES,,,CONTRACT,,,,,,"http://chargenow.evpowergroup.com/,http://chargenow.evpowergroup.com/",https://wtayvyzzmyanm9vx-car-test.oss-cn-hangzhou.aliyuncs.com/1617612516177.jpg,,yes,Self-service,4,no,,no,,,The prices of the BMW Charging/MINI Charging partner apply.,,云快充,CHA:4d9747130d414f242146ba7633c35a78,,,,2025-08-26 23:33:33.209793,0,4,,,,7.0,33.0,245.0,,,,4.0,,,,,,康庄幸福园12号楼充电站,延庆区,2025-08-30,256,2026-06-01,Pending
395815801_1101060256,CIS,,快充/慢充 特来电,116.159021,39.865342,大灰厂东路北京市丰台区北宫镇大灰厂东路甲11号鑫园闻松台,北京市,北京市,,CN,,PUBLIC,NO,INDOOR,"00:00,24:00;1,7|00:00,24:00;8,8",YES,,,"CONTRACT,MOBIL",,,,,,"http://chargenow.evpowergroup.com/,http://chargenow.evpowergroup.com/",https://resource.teld.cn/teldimage/115/IMG202207111639562022071116460m.jpg,,yes,Self-service,0,no,,no,,,The prices of the BMW Charging/MINI Charging partner apply.,,特来电,CHA:5479f3f7286204c4695bb304cc779436,,,,2025-08-26 23:33:33.209793,1,7,15.0,72.0,500.0,7.0,32.0,220.0,,,,7.0,1.0,,,,,特来电北京丰台鑫园小区闻松台充电站,丰台区,2025-08-30,256,2026-05-10,Pending
101437000_41113,CIS,,快充 小桔充电,116.213037,40.202713,马池口镇济泉慧康艾灸养生馆百泉庄旗舰店百泉花园,北京市,北京市,,CN,,PUBLIC,NO,OUTDOOR,"00:00,24:00;1,7|00:00,24:00;8,8",YES,,,"CONTRACT,MOBIL",,,,,+86 159 9372 7677,"http://chargenow.evpowergroup.com/,http://chargenow.evpowergroup.com/",https://comppad.didistatic.com/static/comp-pad/e8856b7a4238f155.blob,,yes,Self-service,12,no,,no,,,The prices of the BMW Charging/MINI Charging partner apply.,,小桔充电,CHA:24fd36632c112e6b90788e9ea473873f,,,,2025-08-26 23:33:33.209793,13,0,600.0,600.0,1000.0,,,,,,,,13.0,,,,,京供华商百泉花园充电站,昌平区,2025-08-30,256,2026-06-01,Pending
395815801_1101120297,CIS,,快充/慢充 特来电,116.65204,39.831989,台湖大街13号台湖镇政府大街13号,北京市,北京市,,CN,,PUBLIC,NO,,"00:00,24:00;1,7|00:00,24:00;8,8",YES,,,"CONTRACT,MOBIL",,,,,,"http://chargenow.evpowergroup.com/,http://chargenow.evpowergroup.com/",https://resource.teld.cn/teldimage/115/73792d5248454e0d8c326d0b0980560am.jpg,,yes,Self-service,0,no,,no,,,The prices of the BMW Charging/MINI Charging partner apply.,,特来电,CHA:5479f3f7286204c4695bb304cc779436,,,,2025-08-26 23:33:33.209793,4,3,60.0,120.0,500.0,7.0,32.0,220.0,,,,3.0,4.0,,,,,特来电北京通州区台湖镇人民政府充电站,通州区,2025-08-30,256,2026-06-01,Pending
MA1MY0GF9_220833,CIS,,慢充 云快充,116.665217,39.91046,新华东街134号非繁城品酒店（北京通州运河商务区店）,北京市,北京市,,CN,,PUBLIC,NO,OUTDOOR,"00:00,24:00;1,7|00:00,24:00;8,8",YES,,,CONTRACT,,,,,+86 400 828 8517,"http://chargenow.evpowergroup.com/,http://chargenow.evpowergroup.com/",,,yes,Self-service,5,no,,no,,,The prices of the BMW Charging/MINI Charging partner apply.,,云快充,CHA:4d9747130d414f242146ba7633c35a78,,,,2025-08-26 23:33:33.209793,0,5,,,,7.0,32.0,264.0,,,,5.0,,,,,,非繁城品酒店（北京通州运河商务区店）充电站,通州区,2025-08-30,256,2026-06-01,Pending
395815801_1101080286,CIS,,慢充 特来电,116.312991,39.950973,万寿寺路甲2号万寿寺路甲2号,北京市,北京市,,CN,,PUBLIC,NO,OUTDOOR,"00:00,24:00;1,7|00:00,24:00;8,8",YES,,,"CONTRACT,MOBIL",,,,,,"http://chargenow.evpowergroup.com/,http://chargenow.evpowergroup.com/",https://resource.teld.cn/teldimage/134/IMG2021122310463120211223140949.jpg,,yes,Self-service,0,no,,no,,,The prices of the BMW Charging/MINI Charging partner apply.,,特来电,CHA:5479f3f7286204c4695bb304cc779436,,,,2025-08-26 23:33:33.209793,0,10,,,,7.0,32.0,220.0,,,,10.0,,,,,,特来电北京万寿寺甲2号院充电站,海淀区,2025-08-30,256,2026-05-10,Pending
395815801_3101130221,CIS,,快充/慢充 特来电,121.381168,31.349055,市辖区宝山区顾村镇镜泊湖路,上海市,上海市,,CN,,PUBLIC,NO,,"00:00,24:00;1,7|00:00,24:00;8,8",YES,,,"CONTRACT,MOBIL",,,,,,"http://chargenow.evpowergroup.com/,http://chargenow.evpowergroup.com/",https://resource.teld.cn/teldimage/101/e7185609303643f3bfae2280a2b529ea.jpg,,yes,Self-service,0,no,,no,,,The prices of the BMW Charging/MINI Charging partner apply.,,特来电,CHA:5479f3f7286204c4695bb304cc779436,,,,2025-08-26 23:33:33.209793,40,20,240.0,250.0,1000.0,7.0,32.0,220.0,,,,20.0,40.0,,,,,特来电快来充宝山顾村公园超充站,宝山区,2025-08-30,256,2026-05-10,Pending
MA2J378Y2_409215581315333,CIS,,慢充 宁波均胜,121.14755,31.02077,昆港公路1088号,上海市,上海市,,CN,,PUBLIC,NO,,"00:00,24:00;1,7|00:00,24:00;8,8",YES,,,CONTRACT,,,,,+86 400 999 7778,"http://chargenow.evpowergroup.com/,http://chargenow.evpowergroup.com/",https://gw.joysonquin.com/common/file/download/409226777301061?409226777301061.jpg,,yes,Self-service,0,no,,no,,,The prices of the BMW Charging/MINI Charging partner apply.,,宁波均胜,CHA:1b8cf5516158af40b0e1fcefde88cdff,,,,2025-08-26 23:33:33.209793,0,12,,,,7.0,32.0,220.0,,,,12.0,,,,,,上海光塑科技园北区充电站,松江区,2025-08-30,256,2026-06-01,Pending
MA59G0765_100206,CIS,,慢充 蔚景云,121.567596,30.866339,瞭海路159弄3号楼南侧车位,上海市,上海市,,CN,,PUBLIC,NO,,"00:00,24:00;1,7|00:00,24:00;8,8",YES,,,"CONTRACT,MOBIL",,,,,+86 400 680 3880,"http://chargenow.evpowergroup.com/,http://chargenow.evpowergroup.com/",https://assets.evking.cn/fileAssets/3DDCA3680D0E60802025732D6B849971_.png,,yes,Self-service,0,no,,no,,,The prices of the BMW Charging/MINI Charging partner apply.,,蔚景云,CHA:cfe026a0e28054198372cfa9f8e70f10,,,,2025-08-26 23:33:33.209793,0,3,,,,7.0,32.0,220.0,,,,3.0,,,,,,名悦豪庭充电站,奉贤区,2025-08-30,256,2026-05-10,Pending
395815801_3101151252,CIS,,快充/慢充 特来电,121.913611,30.919925,市辖区浦东新区南汇新城镇城市书香商业街区,上海市,上海市,,CN,,PUBLIC,NO,INDOOR,"00:00,24:00;1,7|00:00,24:00;8,8",YES,,,"CONTRACT,MOBIL",,,,,,"http://chargenow.evpowergroup.com/,http://chargenow.evpowergroup.com/",https://resource.teld.cn/teldimage/115/909b86b2f90248769a362173b22b0763m.jpg,,yes,Self-service,0,no,,no,,,The prices of the BMW Charging/MINI Charging partner apply.,,特来电,CHA:5479f3f7286204c4695bb304cc779436,,,,2025-08-26 23:33:33.209793,10,20,240.0,250.0,1000.0,7.0,32.0,220.0,,,,20.0,10.0,,,,,特来电上海爱琴海城市书香充电站,浦东新区,2025-08-30,256,2026-05-10,Pending
MA2J378Y2_440069005738053,CIS,,慢充 宁波均胜,121.347855,31.16023,吴宝路255号,上海市,上海市,,CN,,PUBLIC,NO,,"00:00,24:00;1,7|00:00,24:00;8,8",YES,,,CONTRACT,,,,,+86 400 999 7778,"http://chargenow.evpowergroup.com/,http://chargenow.evpowergroup.com/",https://gw.joysonquin.com/common/file/download/440420319641861?440420319641861.jpg,,yes,Self-service,0,no,,no,,,The prices of the BMW Charging/MINI Charging partner apply.,,宁波均胜,CHA:1b8cf5516158af40b0e1fcefde88cdff,,,,2025-08-26 23:33:33.209793,0,12,,,,7.0,32.0,220.0,,,,12.0,,,,,,上海力国大楼充电站,闵行区,2025-08-30,256,2026-05-20,Pending
320513112_11-723,CIS,,慢充 依威能源,121.521532,31.270541,江浦路1200号信通浦皓园,上海市,上海市,,CN,,PUBLIC,NO,,"00:00,24:00;1,7|00:00,24:00;8,8",YES,,,"CONTRACT,MOBIL",,,,,,"http://chargenow.evpowergroup.com/,http://chargenow.evpowergroup.com/",,,yes,Self-service,0,no,,no,,,The prices of the BMW Charging/MINI Charging partner apply.,,依威能源,CHA:29a2e57083d64541a6731c3b908002e2,,,,2025-08-26 23:33:33.209793,0,11,,,,7.0,32.0,253.0,,,,11.0,,,,,,信通浦皓园,杨浦区,2025-08-30,256,2026-05-10,Pending
MA59G0765_62187,CIS,,快充 蔚景云,121.686072,30.98688,奉城镇申杰路,上海市,上海市,,CN,,PUBLIC,NO,,"00:00,24:00;1,7|00:00,24:00;8,8",YES,,,"CONTRACT,MOBIL",,,,,+86 400 680 3880,"http://chargenow.evpowergroup.com/,http://chargenow.evpowergroup.com/",http://wx.evking.cn/assets/img/default-240-360.jpg,,yes,Self-service,0,no,,no,,,The prices of the BMW Charging/MINI Charging partner apply.,,蔚景云,CHA:cfe026a0e28054198372cfa9f8e70f10,,,,2025-08-26 23:33:33.209793,20,0,120.0,160.0,750.0,,,,,,,,20.0,,,,,哈博康养小镇快充站,奉贤区,2025-08-30,256,2026-05-10,Pending
MA002TMQX_300000800100000262,CIS,,快充 国家电网,121.435127,31.287439,永和路598号,上海市,上海市,,CN,,PUBLIC,NO,,"00:00,24:00;1,7|00:00,24:00;8,8",YES,,EASY_CHARGE,CONTRACT,,,,,+86 400 018 5522,"http://chargenow.evpowergroup.com/,http://chargenow.evpowergroup.com/",,,yes,Self-service,0,yes,,no,,,The prices of the BMW Charging/MINI Charging partner apply.,,国家电网,CHA:5d01957224895f00aa963c7b896dd8d2,,,,2025-08-26 23:33:33.209793,4,0,60.0,242.0,750.0,,,,,,,,4.0,,,,,上海静安区锦冲新能源电动汽车充电站,静安区,2025-08-30,256,2026-05-20,Pending
MA1FP0228_10579,CIS,,快充 安悦充电,121.543753,31.33048,军工路2670号,上海市,上海市,,CN,,PUBLIC,NO,,"00:00,24:00;1,7|00:00,24:00;8,8",YES,,,"CC,CONTRACT,MOBIL",,,,,,"http://chargenow.evpowergroup.com/,http://chargenow.evpowergroup.com/",https://gwpro.anyocharging.com:5537/img/uploads/2024/06/24/20240624142043595.jpg,,yes,Self-service,18,no,,no,,,The prices of the BMW Charging/MINI Charging partner apply.,,安悦充电,CHA:1afec7971b27c844e2931c0eb73be0cb,,,,2025-08-26 23:33:33.209793,18,0,60.0,80.0,750.0,,,,,,,,18.0,,,,,军工路充电站,杨浦区,2025-08-30,256,2026-05-10,Pending
395815801_3101510625,CIS,,慢充 特来电,121.3638,31.725004,市辖区崇明区庙镇窑桥村村委会,上海市,上海市,,CN,,PUBLIC,NO,,"00:00,24:00;1,7|00:00,24:00;8,8",YES,,,"CONTRACT,MOBIL",,,,,,"http://chargenow.evpowergroup.com/,http://chargenow.evpowergroup.com/",https://resource.teld.cn/teldimage/134/63885618923513197542923.jpg,,yes,Self-service,0,no,,no,,,The prices of the BMW Charging/MINI Charging partner apply.,,特来电,CHA:5479f3f7286204c4695bb304cc779436,,,,2025-08-26 23:33:33.209793,0,3,,,,7.0,32.0,220.0,,,,3.0,,,,,,特来电窑桥村村委会充电站,崇明区,2025-08-30,256,2026-05-15,Pending
MA5ATQWX8_S16306553511119,CIS,,快充 法斯特,121.55688,31.13379,秀沿路228号,上海市,上海市,,CN,,PUBLIC,NO,ALL,"00:00,24:00;1,7|00:00,24:00;8,8",YES,,,"CONTRACT,MOBIL",,,,,+86 400 082 6699,"http://chargenow.evpowergroup.com/,http://chargenow.evpowergroup.com/",https://gkd-prod-public-1304271637.cos.ap-beijing.myqcloud.com/fpchargethird/img/station/49cd943d1dc3484bbbd840973caaeaf2.jpg,,yes,Self-service,0,no,,no,,,The prices of the BMW Charging/MINI Charging partner apply.,,法斯特,CHA:8572c49508bd9f1a8e9079fdc92a0690,,,,2025-08-26 23:33:33.209793,14,0,120.0,120.0,1000.0,,,,,,,,14.0,,,,,浦东新区秀沿路1号站,浦东新区,2025-08-30,256,2026-05-10,Pending
MA1FP0228_12557,CIS,,快充 安悦充电,121.193801,31.27745,安亭镇安拓路56号,上海市,上海市,,CN,,PUBLIC,NO,,"00:00,24:00;1,7|00:00,24:00;8,8",YES,,,"CC,CONTRACT,MOBIL",,,,,,"http://chargenow.evpowergroup.com/,http://chargenow.evpowergroup.com/",https://gwpro.anyocharging.com:5537/img/uploads/2023/04/12/20230412170512957.png,,yes,Self-service,25,no,,no,,,The prices of the BMW Charging/MINI Charging partner apply.,,安悦充电,CHA:1afec7971b27c844e2931c0eb73be0cb,,,,2025-08-26 23:33:33.209793,25,0,90.0,120.0,750.0,,,,,,,,25.0,,,,,安驰超充站（创新港站）,嘉定区,2025-08-30,256,2026-06-01,Pending
MA2J378Y2_422895114063941,CIS,,慢充 宁波均胜,121.594075,31.082087,鹤沙路588弄,上海市,上海市,,CN,,PRIVATE,NO,,"00:00,24:00;1,7|00:00,24:00;8,8",YES,,,CONTRACT,,,,,+86 400 999 7778,"http://chargenow.evpowergroup.com/,http://chargenow.evpowergroup.com/",https://gw.joysonquin.com/common/file/download/423446933909573?423446933909573.jpg,,yes,Self-service,0,no,,no,,,The prices of the BMW Charging/MINI Charging partner apply.,,宁波均胜,CHA:1b8cf5516158af40b0e1fcefde88cdff,,,,2025-08-26 23:33:33.209793,0,12,,,,7.0,32.0,220.0,,,,12.0,,,,,,上海昱星家园东区充电站,浦东新区,2025-08-30,256,2026-05-10,Pending
101437000_25725,CIS,,快充 小桔充电,121.463724,31.057153,龙吴路5105号,上海市,上海市,,CN,,PUBLIC,NO,OUTDOOR,"00:00,24:00;1,7|00:00,24:00;8,8",YES,,EASY_CHARGE,"CONTRACT,MOBIL",,,,,+86 176 0121 0875,"http://chargenow.evpowergroup.com/,http://chargenow.evpowergroup.com/",https://comppad.didistatic.com/image/55a08fc0008ad341.blob?srcurl=http://100.69.238.49/static/comp-pad/55a08fc0008ad341.blob&mode=online&opt=resize&width=750&height=422,,yes,Self-service,20,no,,no,,,The prices of the BMW Charging/MINI Charging partner apply.,,小桔充电,CHA:24fd36632c112e6b90788e9ea473873f,,,,2025-08-26 23:33:33.209793,20,0,250.0,250.0,1000.0,,,,,,,,20.0,,,,,【拓运捷电】龙吴路充电站,闵行区,2025-08-30,256,2026-05-10,Pending
313744932_335387,CIS,,慢充 星星充电,121.424421,31.28873,汶水路885号,上海市,上海市,,CN,,PUBLIC,NO,OUTDOOR,"00:00,24:00;1,7|00:00,24:00;8,8",YES,,,CONTRACT,,,,,+86 400 828 0768,"http://chargenow.evpowergroup.com/,http://chargenow.evpowergroup.com/",https://oms.starcharge.com/source/oms/stationImage/rc-upload-1680828436820-202.png,,yes,Self-service,0,no,,no,,,The prices of the BMW Charging/MINI Charging partner apply.,,星星充电,CHA:5078046e5124cbb7ddb5ffbf48d64ccd,,,,2025-08-26 23:33:33.209793,0,4,,,,7.0,32.0,253.0,,,,4.0,,,,,,一通国际汽配城,静安区,2025-08-30,256,2026-05-20,Pending
101437000_35385,CIS,,快充/慢充 小桔充电,121.56685,31.256744,金杨街道云山路600号车园连锁快修,上海市,上海市,,CN,,PUBLIC,NO,OUTDOOR,"00:00,24:00;1,7|00:00,24:00;8,8",YES,,,"CONTRACT,MOBIL",,,,,+86 182 6484 1707,"http://chargenow.evpowergroup.com/,http://chargenow.evpowergroup.com/",https://comppad.didistatic.com/static/comp-pad/96103a61f1e349de.blob,,yes,Self-service,20,no,,no,,,The prices of the BMW Charging/MINI Charging partner apply.,,小桔充电,CHA:24fd36632c112e6b90788e9ea473873f,,,,2025-08-26 23:33:33.209793,32,5,250.0,250.0,1000.0,7.0,32.0,220.0,,,,5.0,32.0,,,,,上海车园金桥小桔充电站,浦东新区,2025-08-30,256,2026-05-15,Pending
101437000_41469,CIS,,慢充 小桔充电,121.478821,31.332998,中国上海市上海市宝山区淞南七村(长江南路530弄通道西),上海市,上海市,,CN,,PUBLIC,NO,OUTDOOR,"00:00,24:00;1,7|00:00,24:00;8,8",YES,,,"CONTRACT,MOBIL",,,,,+86 400 856 7019,"http://chargenow.evpowergroup.com/,http://chargenow.evpowergroup.com/",https://comppad.didistatic.com/static/comp-pad/ac89d45d5c5253b0.blob,,yes,Self-service,12,no,,no,,,The prices of the BMW Charging/MINI Charging partner apply.,,小桔充电,CHA:24fd36632c112e6b90788e9ea473873f,,,,2025-08-26 23:33:33.209793,0,12,,,,7.0,32.0,220.0,,,,12.0,,,,,,泽胜牧光淞南七村慢充站,宝山区,2025-08-30,256,2026-05-20,Pending
320513112_11-00V,CIS,,慢充 依威能源,121.35153,31.114826,莘庄镇疏影路1366号,上海市,上海市,,CN,,PRIVATE,NO,,"00:00,24:00;1,7|00:00,24:00;8,8",YES,,,"CONTRACT,MOBIL",,,,,+86 135 6410 9737,"http://chargenow.evpowergroup.com/,http://chargenow.evpowergroup.com/",,,yes,Self-service,0,no,,no,,,The prices of the BMW Charging/MINI Charging partner apply.,,依威能源,CHA:29a2e57083d64541a6731c3b908002e2,,,,2025-08-26 23:33:33.209793,0,2,,,,7.0,32.0,253.0,,,,2.0,,,,,,闵房泊寓疏影路店,松江区,2025-08-30,256,2026-05-15,Pending
MA1FP0228_11523,CIS,,慢充 安悦充电,121.367184,31.455658,罗东路1399号,上海市,上海市,,CN,,PUBLIC,NO,,"00:00,24:00;1,7|00:00,24:00;8,8",YES,,,"CC,CONTRACT,MOBIL",,,,,,"http://chargenow.evpowergroup.com/,http://chargenow.evpowergroup.com/",https://gwpro.anyocharging.com:5537/img/img/charge.png,,yes,Self-service,10,no,,no,,,The prices of the BMW Charging/MINI Charging partner apply.,,安悦充电,CHA:1afec7971b27c844e2931c0eb73be0cb,,,,2025-08-26 23:33:33.209793,0,10,,,,7.0,32.0,220.0,,,,10.0,,,,,,中玮达齿轮箱,宝山区,2025-08-30,256,2026-06-01,Pending
313744932_353139,CIS,,快充 星星充电,121.41435,31.12233,罗锦路218号,上海市,上海市,,CN,,PUBLIC,NO,OUTDOOR,"00:00,00:00;1,7",,,,CONTRACT,,,,,+86 400 828 0768,"http://chargenow.evpowergroup.com/,http://chargenow.evpowergroup.com/",https://app-cdn.starcharge.com/8dca6c71-ba70-4252-a5ce-2c231b9c3272.JPG,,yes,Self-service,4,no,,no,,,The prices of the BMW Charging/MINI Charging partner apply.,,星星充电,CHA:5078046e5124cbb7ddb5ffbf48d64ccd,,,,2025-08-26 23:33:33.209793,3,0,60.0,120.0,500.0,,,,,,,,3.0,,,,,点充罗锦路充电站,闵行区,2025-08-30,256,2026-05-10,Pending
MA59G0765_19354,CIS,,慢充 蔚景云,121.451837,31.157201,龙华街道欣星快捷酒店(上海南站店)上海呈岸酒店(徐汇滨江店),上海市,上海市,,CN,,PUBLIC,NO,,"00:00,24:00;1,7|00:00,24:00;8,8",YES,,,"CONTRACT,MOBIL",,,,,+86 400 680 3880,"http://chargenow.evpowergroup.com/,http://chargenow.evpowergroup.com/",http://wx.evking.cn/assets/img/default-240-360.jpg,,yes,Self-service,3,no,,no,,,The prices of the BMW Charging/MINI Charging partner apply.,,蔚景云,CHA:cfe026a0e28054198372cfa9f8e70f10,,,,2025-08-26 23:33:33.209793,0,3,,,,7.0,32.0,220.0,,,,3.0,,,,,,上海徐汇黄石路27号停车场充电站,徐汇区,2025-08-30,256,2026-06-01,Pending
101437000_41799,CIS,,快充 小桔充电,121.188957,31.350015,外冈镇上探机械(东北门),上海市,上海市,,CN,,PUBLIC,NO,OUTDOOR,"00:00,24:00;1,7|00:00,24:00;8,8",YES,,,"CONTRACT,MOBIL",,,,,+86 189 6439 9829,"http://chargenow.evpowergroup.com/,http://chargenow.evpowergroup.com/",https://comppad.didistatic.com/static/comp-pad/9d2aac4599a59e29.blob,,yes,Self-service,36,no,,no,,,The prices of the BMW Charging/MINI Charging partner apply.,,小桔充电,CHA:24fd36632c112e6b90788e9ea473873f,,,,2025-08-26 23:33:33.209793,36,0,250.0,250.0,1000.0,,,,,,,,36.0,,,,,小桔-科岚嘉松北路超充站,嘉定区,2025-08-30,256,2026-05-10,Pending
313744932_357412,CIS,,快充 星星充电,121.074379,31.035616,沈巷镇沈太路2588号太阳岛旅游度假区,上海市,上海市,,CN,,PUBLIC,NO,OUTDOOR,"00:00,24:00;1,7|00:00,24:00;8,8",YES,,,CONTRACT,,,,,+86 177 1581 3560,"http://chargenow.evpowergroup.com/,http://chargenow.evpowergroup.com/",https://oms.starcharge.com/source/station/0a659a04-5f87-4b90-99ba-c018749bc83c_1.png,,yes,Self-service,20,no,,no,,,The prices of the BMW Charging/MINI Charging partner apply.,,星星充电,CHA:5078046e5124cbb7ddb5ffbf48d64ccd,,,,2025-08-26 23:33:33.209793,18,0,60.0,,750.0,,,,,,,,18.0,,,,,青浦区太阳岛充电站,青浦区,2025-08-30,256,2026-05-15,Pending
MA1FP0228_12587,CIS,,快充 安悦充电,121.456407,31.654063,建设镇公安门口（建星路109号）,上海市,上海市,,CN,,PUBLIC,NO,,"00:00,24:00;1,7|00:00,24:00;8,8",YES,,,"CC,CONTRACT,MOBIL",,,,,,"http://chargenow.evpowergroup.com/,http://chargenow.evpowergroup.com/",https://gwpro.anyocharging.com:5537/img/img/charge.png,,yes,Self-service,2,no,,no,,,The prices of the BMW Charging/MINI Charging partner apply.,,安悦充电,CHA:1afec7971b27c844e2931c0eb73be0cb,,,,2025-08-26 23:33:33.209793,2,0,120.0,160.0,750.0,,,,,,,,2.0,,,,,建设镇公安门口（建星路109号）,崇明区,2025-08-30,256,2026-06-01,Pending
MA002TMQX_310117MA002TMQX0037,CIS,,快充/慢充 国家电网,121.223032,31.041914,新松江路650号,上海市,上海市,,CN,,PUBLIC,NO,,"00:00,24:00;1,7|00:00,24:00;8,8",YES,,EASY_CHARGE,CONTRACT,,,,,+86 400 018 5522,"http://chargenow.evpowergroup.com/,http://chargenow.evpowergroup.com/",https://cdn-evone-oss.echargenet.com/zcContent/roadbook/station-3140190000005344/EF516A148AE8A266E9FBD72C8FEDE3F7_WR,,yes,Self-service,0,yes,,no,,,The prices of the BMW Charging/MINI Charging partner apply.,,国家电网,CHA:5d01957224895f00aa963c7b896dd8d2,,,,2025-08-26 23:33:33.209793,7,9,60.0,120.0,500.0,60.0,1.0,500.0,,,,9.0,7.0,,,,,上海松江区第一人民医院急诊停车场电动汽车充电站,松江区,2025-08-30,256,2026-05-20,Pending
MA1FP0228_12502,CIS,,快充/慢充 安悦充电,121.931085,30.909681,南汇新城镇云鹃北路66弄1-4号,上海市,上海市,,CN,,PUBLIC,NO,,"00:00,24:00;1,7|00:00,24:00;8,8",YES,,,"CC,CONTRACT,MOBIL",,,,,,"http://chargenow.evpowergroup.com/,http://chargenow.evpowergroup.com/",https://gwpro.anyocharging.com:5537/img/img/charge.png,,yes,Self-service,37,no,,no,,,The prices of the BMW Charging/MINI Charging partner apply.,,安悦充电,CHA:1afec7971b27c844e2931c0eb73be0cb,,,,2025-08-26 23:33:33.209793,5,32,30.0,40.0,750.0,7.0,32.0,220.0,,,,32.0,5.0,,,,,临港中心一期部分（三管）,浦东新区,2025-08-30,256,2026-06-01,Pending
101437000_42529,CIS,,快充 小桔充电,121.181448,31.159472,香花桥街道哇啦哇啦儿童运动成长中心8090青年创业基地,上海市,上海市,,CN,,PUBLIC,NO,OUTDOOR,"00:00,24:00;1,7|00:00,24:00;8,8",YES,,,"CONTRACT,MOBIL",,,,,+86 176 0123 2075,"http://chargenow.evpowergroup.com/,http://chargenow.evpowergroup.com/",https://comppad.didistatic.com/static/comp-pad/e4ac1c191a99e764.blob,,yes,Self-service,10,no,,no,,,The prices of the BMW Charging/MINI Charging partner apply.,,小桔充电,CHA:24fd36632c112e6b90788e9ea473873f,,,,2025-08-26 23:33:33.209793,10,0,180.0,250.0,750.0,,,,,,,,10.0,,,,,8090青年创业园小桔超充站,青浦区,2025-08-30,256,2026-05-15,Pending
395815801_3101060510,CIS,,快充 特来电,121.458566,31.264619,市辖区静安区共和新路街道首创证券有限责任公司(上海共和新路证券营业部)通用大厦,上海市,上海市,,CN,,PUBLIC,NO,,"00:00,24:00;1,7|00:00,24:00;8,8",YES,,,"CONTRACT,MOBIL",,,,,,"http://chargenow.evpowergroup.com/,http://chargenow.evpowergroup.com/",https://resource.teld.cn/teldimage/115/63856137423204635373279m.jpg,,yes,Self-service,0,no,,no,,,The prices of the BMW Charging/MINI Charging partner apply.,,特来电,CHA:5479f3f7286204c4695bb304cc779436,,,,2025-08-26 23:33:33.209793,2,0,120.0,250.0,1000.0,,,,,,,,2.0,,,,,特来电上海市静安区通用大厦充电站,静安区,2025-08-30,256,2026-05-15,Pending
399109082_1177,CIS,,快充 富电易充,121.488946,31.150864,西营南路555号,上海市,上海市,,CN,,PUBLIC,NO,,"00:00,24:00;1,7|00:00,24:00;8,8",YES,,,"CONTRACT,MOBIL",,,,,+86 400 082 6699,"http://chargenow.evpowergroup.com/,http://chargenow.evpowergroup.com/",https://gkd-prod-public-1304271637.cos.ap-beijing.myqcloud.com/fpchargethird/img/station/2367da7cecd64460a9a2ef45a21c137d.jpg,,yes,Self-service,0,no,,no,,,The prices of the BMW Charging/MINI Charging partner apply.,,富电易充,CHA:ede5dd1b4ef3c0a34f78b066a7d4443f,,,,2025-08-26 23:33:33.209793,5,0,30.0,100.0,500.0,,,,,,,,5.0,,,,,浦东三林体育文化中心,浦东新区,2025-08-30,256,2026-06-01,Pending
313744932_323800,CIS,,快充/慢充 星星充电,121.567897,31.175816,北蔡镇五星路375号,上海市,上海市,,CN,,PUBLIC,NO,OUTDOOR,"00:00,24:00;1,7|00:00,24:00;8,8",YES,,EASY_CHARGE,CONTRACT,,,,,+86 189 5158 9595,"http://chargenow.evpowergroup.com/,http://chargenow.evpowergroup.com/",https://oms.starcharge.com/source/oms/stationImage/rc-upload-1734419089448-582.jpg,,yes,Self-service,0,no,,no,,,The prices of the BMW Charging/MINI Charging partner apply.,,星星充电,CHA:5078046e5124cbb7ddb5ffbf48d64ccd,,,,2025-08-26 23:33:33.209793,45,7,360.0,250.0,1000.0,7.0,32.0,253.0,,,,7.0,45.0,,,,,上海惊竟汽车租赁有限公司（五星路）,浦东新区,2025-08-30,256,2026-05-20,Pending
MA59G0765_23939,CIS,,快充/慢充 蔚景云,114.308662,22.709326,宝龙街道南方第一幼儿园汇丰楼,深圳市,广东省,,CN,,PUBLIC,NO,,"00:00,24:00;1,7|00:00,24:00;8,8",YES,,,"CONTRACT,MOBIL",,,,,+86 400 680 3880,"http://chargenow.evpowergroup.com/,http://chargenow.evpowergroup.com/",http://assets.evking.cn/fileAssets/60876E173272B97D5D447853049C6C53_.JPEG,,yes,Self-service,0,no,,no,,,The prices of the BMW Charging/MINI Charging partner apply.,,蔚景云,CHA:cfe026a0e28054198372cfa9f8e70f10,,,,2025-08-26 23:33:33.209793,2,4,120.0,160.0,1000.0,14.0,64.0,380.0,,,,4.0,2.0,,,,,中网快充（乐园路）充电站,龙岗区,2025-08-30,256,2026-06-01,Pending
565843400_CAGDBC018907,CIS,,慢充 昆仑网电,113.928794,22.544242,泉园路61号绿茵丰和家园停车场,深圳市,广东省,,CN,,PUBLIC,NO,,"00:00,24:00;1,7|00:00,24:00;8,8",YES,,,CONTRACT,,,,,,"http://chargenow.evpowergroup.com/,http://chargenow.evpowergroup.com/",https://oos-cn.ctyunapi.cn/ptne/image/12345.jpg,,yes,Self-service,14,no,,no,,,The prices of the BMW Charging/MINI Charging partner apply.,,昆仑网电,CHA:d858648bd94bab98dacf7f2089aa5432,,,,2025-08-26 23:33:33.209793,0,14,,,,7.0,32.0,264.0,,,,14.0,,,,,,绿茵丰和家园停车场,南山区,2025-08-30,256,2026-06-01,Pending
MAC65JAA9_440309003000-00004,CIS,,慢充 朗新新能源,114.055617,22.599182,民治社区民乐翠园15栋地下负一层052~065号、073~086号停车位,深圳市,广东省,,CN,,PUBLIC,NO,,"00:00,24:00;1,7|00:00,24:00;8,8",YES,,,CONTRACT,,,,,,"http://chargenow.evpowergroup.com/,http://chargenow.evpowergroup.com/",http://charge-platform-public.oss-cn-beijing.aliyuncs.com/common/40001/20240904165411284945439030851656$1.jpg,,yes,Self-service,0,no,,no,,,The prices of the BMW Charging/MINI Charging partner apply.,,朗新新能源,CHA:807145254d892cb6d2a5bc07b335112b,,,,2025-08-26 23:33:33.209793,0,30,,,,7.0,32.0,220.0,,,,30.0,,,,,,小朗充电-民乐翠园地下停车场负一层C区充电站,龙华区,2025-08-30,256,2026-05-15,Pending
311774601_210715214529454fwwgq3bpr,CIS,,慢充 蔚蓝快充,114.09515,22.552444,百花园-二期,深圳市,广东省,,CN,,PUBLIC,NO,,"00:00,24:00;1,7|00:00,24:00;8,8",YES,,,CONTRACT,,,,,,"http://chargenow.evpowergroup.com/,http://chargenow.evpowergroup.com/",,,yes,Self-service,0,no,,no,,,The prices of the BMW Charging/MINI Charging partner apply.,,蔚蓝快充,CHA:b54340eec965fbdb7b15aaee1b8143e4,,,,2025-08-26 23:33:33.209793,0,6,,,,7.0,32.0,220.0,,,,6.0,,,,,,百花园二期,福田区,2025-08-30,256,2026-05-20,Pending
MA5DT8Q54_4403040118,CIS,,慢充 南网电动,114.047807,22.523872,福田区沙头街道嘉葆润金座,深圳市,广东省,,CN,,PUBLIC,NO,,"00:00,24:00;1,7|00:00,24:00;8,8",YES,,,"CC,CONTRACT,MOBIL",,,,,+86 137 6014 7405,"http://chargenow.evpowergroup.com/,http://chargenow.evpowergroup.com/",https://manage.wodeev.com/pub/api/v0.1/attachs/6F11C2EB049546B39C4F32F521794CCA,,yes,Self-service,0,no,,no,,,The prices of the BMW Charging/MINI Charging partner apply.,,南网电动,CHA:66b2881dc88b908f0656bc86e5010efa,,,,2025-08-26 23:33:33.209793,0,210,,,,7.0,32.0,220.0,,,,210.0,,,,,,南网电动新洲嘉葆润金座充电站,福田区,2025-08-30,256,2026-06-01,Pending
320513112_12-008,CIS,,慢充 依威能源,114.053344,22.520186,福保街道石厦北二街71号,深圳市,广东省,,CN,,PUBLIC,NO,,"00:00,24:00;1,7|00:00,24:00;8,8",YES,,,"CONTRACT,MOBIL",,,,,+86 153 8615 7153,"http://chargenow.evpowergroup.com/,http://chargenow.evpowergroup.com/",https://image.e-chong.com/20210204000813_1449.png,,yes,Self-service,16,no,,no,,,The prices of the BMW Charging/MINI Charging partner apply.,,依威能源,CHA:29a2e57083d64541a6731c3b908002e2,,,,2025-08-26 23:33:33.209793,0,18,,,,7.0,32.0,253.0,,,,18.0,,,,,,新天CBC,福田区,2025-08-30,256,2026-06-01,Pending
MA5DT8Q54_20190111180759000004,CIS,,慢充 南网电动,114.051588,22.591323,龙华区民治街道民乐P+R充电站,深圳市,广东省,,CN,,PUBLIC,NO,,"00:00,24:00;1,7|00:00,24:00;8,8",YES,,,"CC,CONTRACT,MOBIL",,,,,+86 158 1387 8528,"http://chargenow.evpowergroup.com/,http://chargenow.evpowergroup.com/",https://manage.wodeev.com/pub/api/v0.1/attachs/9FD84FD780964361AEAE7ECC8B451F92,,yes,Self-service,0,no,,no,,,The prices of the BMW Charging/MINI Charging partner apply.,,南网电动,CHA:66b2881dc88b908f0656bc86e5010efa,,,,2025-08-26 23:33:33.209793,0,36,,,,7.0,63.0,380.0,,,,36.0,,,,,,民乐P+R充电站（西湖专用）,龙华区,2025-08-30,256,2026-05-15,Pending
311774601_2105182301035711f1vnly3n,CIS,,慢充 蔚蓝快充,113.99266,22.554502,深云路28号深云村负二层近12a栋652-666车位，,深圳市,广东省,,CN,,PUBLIC,NO,,"00:00,24:00;1,7|00:00,24:00;8,8",YES,,,CONTRACT,,,,,,"http://chargenow.evpowergroup.com/,http://chargenow.evpowergroup.com/",,,yes,Self-service,0,no,,no,,,The prices of the BMW Charging/MINI Charging partner apply.,,蔚蓝快充,CHA:b54340eec965fbdb7b15aaee1b8143e4,,,,2025-08-26 23:33:33.209793,0,18,,,,7.0,32.0,220.0,,,,18.0,,,,,,深云村A区,南山区,2025-08-30,256,2026-05-20,Pending
MA59G0765_85252,CIS,,慢充 蔚景云,113.914253,22.571577,新安街道洪浪北路10号碧涛居,深圳市,广东省,,CN,,PUBLIC,NO,,"00:00,24:00;1,7|00:00,24:00;8,8",YES,,,"CONTRACT,MOBIL",,,,,+86 400 680 3880,"http://chargenow.evpowergroup.com/,http://chargenow.evpowergroup.com/",http://wx.evking.cn/assets/img/default-240-360.jpg,,yes,Self-service,0,no,,no,,,The prices of the BMW Charging/MINI Charging partner apply.,,蔚景云,CHA:cfe026a0e28054198372cfa9f8e70f10,,,,2025-08-26 23:33:33.209793,0,10,,,,14.0,32.0,380.0,,,,10.0,,,,,,深圳碧涛居花园充电站,宝安区,2025-08-30,256,2026-05-10,Pending
565843400_CAGDBC020707,CIS,,慢充 昆仑网电,113.89813,22.50451,前海路0353号深大师范学院附中初中,深圳市,广东省,,CN,,PRIVATE,NO,,"00:00,24:00;1,7|00:00,24:00;8,8",YES,,,CONTRACT,,,,,,"http://chargenow.evpowergroup.com/,http://chargenow.evpowergroup.com/",https://oos-cn.ctyunapi.cn/ptne/image/12345.jpg,,yes,Self-service,0,no,,no,,,The prices of the BMW Charging/MINI Charging partner apply.,,昆仑网电,CHA:d858648bd94bab98dacf7f2089aa5432,,,,2025-08-26 23:33:33.209793,0,12,,,,7.0,32.0,264.0,,,,12.0,,,,,,深大师范学院附中初中,南山区,2025-08-30,256,2026-06-01,Pending
565843400_CAGDBJ045407,CIS,,慢充 昆仑网电,114.0592,22.73024,观澜观光路1199号政府机关停车场观澜办事处,深圳市,广东省,,CN,,PRIVATE,NO,,"00:00,24:00;1,7|00:00,24:00;8,8",YES,,,CONTRACT,,,,,,"http://chargenow.evpowergroup.com/,http://chargenow.evpowergroup.com/",https://oos-cn.ctyunapi.cn/ptne/image/12345.jpg,,yes,Self-service,0,no,,no,,,The prices of the BMW Charging/MINI Charging partner apply.,,昆仑网电,CHA:d858648bd94bab98dacf7f2089aa5432,,,,2025-08-26 23:33:33.209793,0,11,,,,7.0,32.0,264.0,,,,11.0,,,,,,观澜办事处,龙华区,2025-08-30,256,2026-05-20,Pending
MA5DT8Q54_4403070232,CIS,,慢充 南网电动,114.405708,22.637006,大鹏区葵涌街道华润万家(坝光新村店)坝光新村东区,深圳市,广东省,,CN,,PUBLIC,NO,,"00:00,24:00;1,7|00:00,24:00;8,8",YES,,,"CC,CONTRACT,MOBIL",,,,,,"http://chargenow.evpowergroup.com/,http://chargenow.evpowergroup.com/",https://manage.wodeev.com/pub/api/v0.1/attachs/3B2F6D26ED3B4F819EE65CF617201BD1,,yes,Self-service,0,no,,no,,,The prices of the BMW Charging/MINI Charging partner apply.,,南网电动,CHA:66b2881dc88b908f0656bc86e5010efa,,,,2025-08-26 23:33:33.209793,0,240,,,,7.0,32.0,220.0,,,,240.0,,,,,,南网电动坝光新村东区充电站,龙岗区,2025-08-30,256,2026-05-20,Pending
313744932_383260,CIS,,快充 星星充电,113.865948,22.645428,九围社区洲石路合利兴洋工业园,深圳市,广东省,,CN,,PUBLIC,NO,OUTDOOR,"00:00,24:00;1,7|00:00,24:00;8,8",YES,,EASY_CHARGE,CONTRACT,,,,,+86 188 1898 1855,"http://chargenow.evpowergroup.com/,http://chargenow.evpowergroup.com/",https://app-cdn.starcharge.com//c3f9ba19-ca28-477d-b5e5-394c419566b3.JPG,,yes,Self-service,36,no,,no,,,The prices of the BMW Charging/MINI Charging partner apply.,,星星充电,CHA:5078046e5124cbb7ddb5ffbf48d64ccd,,,,2025-08-26 23:33:33.209793,36,0,240.0,240.0,1000.0,,,,,,,,36.0,,,,,宝安石龙星星充电站,宝安区,2025-08-30,256,2026-05-10,Pending
311774601_2201061635213103rcbys5xq,CIS,,慢充 蔚蓝快充,114.04212,22.552055,缔梦园,深圳市,广东省,,CN,,PUBLIC,NO,,"00:00,24:00;1,7|00:00,24:00;8,8",YES,,,CONTRACT,,,,,,"http://chargenow.evpowergroup.com/,http://chargenow.evpowergroup.com/",,,yes,Self-service,0,no,,no,,,The prices of the BMW Charging/MINI Charging partner apply.,,蔚蓝快充,CHA:b54340eec965fbdb7b15aaee1b8143e4,,,,2025-08-26 23:33:33.209793,0,6,,,,7.0,32.0,220.0,,,,6.0,,,,,,缔梦园,福田区,2025-08-30,256,2026-06-01,Pending
MA5DT8Q54_4403040172,CIS,,慢充 南网电动,114.018422,22.545821,福田区香蜜湖街道春田路2号深圳高级中学(集团)中心校区,深圳市,广东省,,CN,,PUBLIC,NO,,"00:00,24:00;1,7|00:00,24:00;8,8",YES,,,"CC,CONTRACT,MOBIL",,,,,+86 400 689 5598,"http://chargenow.evpowergroup.com/,http://chargenow.evpowergroup.com/",https://manage.wodeev.com/pub/api/v0.1/attachs/FFE7471606D342BBB7486E0202A4310C,,yes,Self-service,0,no,,no,,,The prices of the BMW Charging/MINI Charging partner apply.,,南网电动,CHA:66b2881dc88b908f0656bc86e5010efa,,,,2025-08-26 23:33:33.209793,0,10,,,,7.0,32.0,220.0,,,,10.0,,,,,,福田深圳高级中学（集团）中心校区充电站,福田区,2025-08-30,256,2026-06-01,Pending
101437000_21728,CIS,,快充 小桔充电,114.245893,22.742686,龙岗街道玉岭路1号 龙西玉岭路,深圳市,广东省,,CN,,PUBLIC,NO,OUTDOOR,"00:00,24:00;1,7|00:00,24:00;8,8",YES,,,"CONTRACT,MOBIL",,,,,+86 151 1884 4320,"http://chargenow.evpowergroup.com/,http://chargenow.evpowergroup.com/",https://comppad.didistatic.com/image/76d731cb62d7ecea.blob?srcurl=http://100.69.238.49/static/comp-pad/76d731cb62d7ecea.blob&mode=online&opt=resize&width=750&height=422,,yes,Self-service,30,no,,no,,,The prices of the BMW Charging/MINI Charging partner apply.,,小桔充电,CHA:24fd36632c112e6b90788e9ea473873f,,,,2025-08-26 23:33:33.209793,33,0,600.0,600.0,1000.0,,,,,,,,33.0,,,,,橙桔龙西玉岭路充电站,龙岗区,2025-08-30,256,2026-05-10,Pending
MA5DT8Q54_20181225191816000014,CIS,,慢充 南网电动,114.350664,22.70917,坪山区坪山街道坪山新区中共深圳市坪山区委员会(坪山大道333号),深圳市,广东省,,CN,,PRIVATE,NO,,"00:00,24:00;1,7|00:00,24:00;8,8",YES,,,"CC,CONTRACT,MOBIL",,,,,+86 136 9272 5999,"http://chargenow.evpowergroup.com/,http://chargenow.evpowergroup.com/",https://manage.wodeev.com/pub/api/v0.1/attachs/AC05D14EA4C940CB916C735AABB5B80E,,yes,Self-service,0,no,,no,,,The prices of the BMW Charging/MINI Charging partner apply.,,南网电动,CHA:66b2881dc88b908f0656bc86e5010efa,,,,2025-08-26 23:33:33.209793,0,28,,,,7.0,32.0,220.0,,,,28.0,,,,,,坪山区政府充电站,坪山区,2025-08-30,256,2026-05-10,Pending
MAC65JAA9_440307011000-00001,CIS,,慢充 朗新新能源,114.250312,22.737127,龙岗街道阅山公馆地下停车场负二层,深圳市,广东省,,CN,,PUBLIC,NO,,"00:00,24:00;1,7|00:00,24:00;8,8",YES,,,CONTRACT,,,,,,"http://chargenow.evpowergroup.com/,http://chargenow.evpowergroup.com/",http://charge-platform-public.oss-cn-beijing.aliyuncs.com/common/40001/20240507140201763787944031171788$1.jpg,,yes,Self-service,0,no,,no,,,The prices of the BMW Charging/MINI Charging partner apply.,,朗新新能源,CHA:807145254d892cb6d2a5bc07b335112b,,,,2025-08-26 23:33:33.209793,0,50,,,,7.0,32.0,220.0,,,,50.0,,,,,,小朗充电-阅山公馆充电站,龙岗区,2025-08-30,256,2026-05-20,Pending
MA5DLDKY3_1526,CIS,,慢充 润诚达,113.937938,22.741924,光明区广东省深圳市光明区光源5路宝能科技园一期1号楼地下负二层,深圳市,广东省,,CN,,PUBLIC,NO,,"00:00,24:00;1,7|00:00,24:00;8,8",YES,,,"CASH,CC,MOBIL",,,,,+86 176 7185 5387,"http://chargenow.evpowergroup.com/,http://chargenow.evpowergroup.com/",,,yes,Self-service,0,no,,no,,,The prices of the BMW Charging/MINI Charging partner apply.,,润诚达,CHA:f77c39867b6b7101bfe17677172d64d2,,,,2025-08-26 23:33:33.209793,0,6,,,,7.0,32.0,220.0,,,,6.0,,,,,,邦凯科技园一期充电站,光明区,2025-08-30,256,2026-05-15,Pending
311774601_220417213951715465995208,CIS,,慢充 蔚蓝快充,114.030556,22.605017,龙悦居-四期,深圳市,广东省,,CN,,PUBLIC,NO,,"00:00,24:00;1,7|00:00,24:00;8,8",YES,,,CONTRACT,,,,,,"http://chargenow.evpowergroup.com/,http://chargenow.evpowergroup.com/",,,yes,Self-service,0,no,,no,,,The prices of the BMW Charging/MINI Charging partner apply.,,蔚蓝快充,CHA:b54340eec965fbdb7b15aaee1b8143e4,,,,2025-08-26 23:33:33.209793,0,60,,,,7.0,32.0,220.0,,,,60.0,,,,,,龙悦居-4期-地库（2）,龙华区,2025-08-30,256,2026-05-15,Pending
565843400_CAGDBA057307,CIS,,慢充 昆仑网电,114.0711,22.5456,福中路32号振业花园充电站,深圳市,广东省,,CN,,PUBLIC,NO,,"00:00,24:00;1,7|00:00,24:00;8,8",YES,,,CONTRACT,,,,,+86 95700,"http://chargenow.evpowergroup.com/,http://chargenow.evpowergroup.com/",https://oos-cn.ctyunapi.cn/ptne/image/12345.jpg,,yes,Self-service,0,no,,no,,,The prices of the BMW Charging/MINI Charging partner apply.,,昆仑网电,CHA:d858648bd94bab98dacf7f2089aa5432,,,,2025-08-26 23:33:33.209793,0,4,,,,7.0,32.0,240.0,,,,4.0,,,,,,昆仑网电深圳CK振业花园慢充充电站,福田区,2025-08-30,256,2026-05-20,Pending
320513112_12-056,CIS,,慢充 依威能源,113.974223,22.558244,桃源街道龙井路65号,深圳市,广东省,,CN,,PRIVATE,NO,,"00:00,24:00;1,7|00:00,24:00;8,8",YES,,,"CONTRACT,MOBIL",,,,,+86 188 2528 6514,"http://chargenow.evpowergroup.com/,http://chargenow.evpowergroup.com/",https://image.e-chong.com/20210202092411_2261.jpg,,yes,Self-service,3,no,,no,,,The prices of the BMW Charging/MINI Charging partner apply.,,依威能源,CHA:29a2e57083d64541a6731c3b908002e2,,,,2025-08-26 23:33:33.209793,0,9,,,,7.0,32.0,253.0,,,,9.0,,,,,,林栖园,南山区,2025-08-30,256,2026-05-20,Pending
311774601_201207143446720846206894,CIS,,慢充 蔚蓝快充,114.02592,22.626629,莱蒙·水榭春天-A区,深圳市,广东省,,CN,,PUBLIC,NO,,"00:00,24:00;1,7|00:00,24:00;8,8",YES,,,CONTRACT,,,,,,"http://chargenow.evpowergroup.com/,http://chargenow.evpowergroup.com/",,,yes,Self-service,0,no,,no,,,The prices of the BMW Charging/MINI Charging partner apply.,,蔚蓝快充,CHA:b54340eec965fbdb7b15aaee1b8143e4,,,,2025-08-26 23:33:33.209793,0,19,,,,7.0,32.0,220.0,,,,19.0,,,,,,莱蒙水榭春天6A期,龙华区,2025-08-30,256,2026-05-20,Pending
101437000_33157,CIS,,快充 小桔充电,113.829501,22.641515,福永街道升蓝智慧港内,深圳市,广东省,,CN,,PUBLIC,NO,OUTDOOR,"00:00,24:00;1,7|00:00,24:00;8,8",YES,,EASY_CHARGE,"CONTRACT,MOBIL",,,,,+86 181 4856 6788,"http://chargenow.evpowergroup.com/,http://chargenow.evpowergroup.com/",https://comppad.didistatic.com/static/comp-pad/9e9ec59eea2e4a25.blob,,yes,Self-service,7,no,,no,,,The prices of the BMW Charging/MINI Charging partner apply.,,小桔充电,CHA:24fd36632c112e6b90788e9ea473873f,,,,2025-08-26 23:33:33.209793,7,0,480.0,600.0,1000.0,,,,,,,,7.0,,,,,升蓝智慧港充电站,宝安区,2025-08-30,256,2026-05-15,Pending
YKDKCYZ01_440300014025,CIS,,慢充 珠峰易站,114.087143,22.645439,上雪路2号,深圳市,广东省,,CN,,PUBLIC,NO,,"00:00,24:00;1,7|00:00,24:00;8,8",YES,,,"CONTRACT,MOBIL",,,,,+86 400 082 6699,"http://chargenow.evpowergroup.com/,http://chargenow.evpowergroup.com/",https://gkd-prod-public-1304271637.cos.ap-beijing.myqcloud.com/fpchargethird/img/station/75d2caeb15cc442c9f58122fd5c6753d.jpg,,yes,Self-service,0,no,,no,,,The prices of the BMW Charging/MINI Charging partner apply.,,珠峰易站,CHA:a28351a540d4525582dcc917c4fa7f99,,,,2025-08-26 23:33:33.209793,0,10,,,,7.0,,,,,,10.0,,,,,,珠峰易站(金鹏数字产业园7KW慢充站),龙岗区,2025-08-30,256,2026-06-01,Pending
MA5DT8Q54_4403120088,CIS,,快充 南网电动,114.415287,22.638772,龙岗区葵涌街道坪葵路大鹏新区,深圳市,广东省,,CN,,PUBLIC,NO,,"00:00,24:00;1,7|00:00,24:00;8,8",YES,,,"CC,CONTRACT,MOBIL",,,,,,"http://chargenow.evpowergroup.com/,http://chargenow.evpowergroup.com/",https://manage.wodeev.com/pub/api/v0.1/attachs/AA2AD2D9F99E4CF6B2955D16683CE5B6,,yes,Self-service,0,no,,no,,,The prices of the BMW Charging/MINI Charging partner apply.,,南网电动,CHA:66b2881dc88b908f0656bc86e5010efa,,,,2025-08-26 23:33:33.209793,12,0,250.0,980.0,1000.0,,,,,,,,12.0,,,,,大鹏新区管委会停车场超充站,龙岗区,2025-08-30,256,2026-05-10,Pending
320513112_75-530,CIS,,慢充 依威能源,114.058097,22.533842,福田街道益田路90号,深圳市,广东省,,CN,,PUBLIC,NO,,"00:00,24:00;1,7|00:00,24:00;8,8",YES,,,"CONTRACT,MOBIL",,,,,+86 135 0961 2405,"http://chargenow.evpowergroup.com/,http://chargenow.evpowergroup.com/",https://image.e-chong.com/20210204002630_9237.png,,yes,Self-service,3,no,,no,,,The prices of the BMW Charging/MINI Charging partner apply.,,依威能源,CHA:29a2e57083d64541a6731c3b908002e2,,,,2025-08-26 23:33:33.209793,0,6,,,,7.0,32.0,253.0,,,,6.0,,,,,,卓越时代广场二期,福田区,2025-08-30,256,2026-05-15,Pending
101437000_11779,CIS,3.0,快充 小桔充电,113.892285,22.600294,中鑫充电站(企龙山公园停车场内),深圳市,广东省,,CN,,PUBLIC,NO,OUTDOOR,"00:00,24:00;1,7|00:00,24:00;8,8",YES,,EASY_CHARGE,CONTRACT,,,,,+86 188 2481 5362,"http://chargenow.evpowergroup.com/,http://chargenow.evpowergroup.com/",https://charging-media.bmw-emall.cn/station/comment/2025-04-10/101437000_11779/1.jpg,,yes,Self-service,0,no,,no,,,The prices of the BMW Charging/MINI Charging partner apply.,,小桔充电,CHA:24fd36632c112e6b90788e9ea473873f,,,,2025-08-26 23:33:33.209793,64,0,120.0,250.0,750.0,,,,,,,,64.0,,,,,BP快速充电站（深圳宝安企龙山）,宝安区,2025-08-30,256,2026-05-15,Pending
320513112_12-669,CIS,,慢充 依威能源,114.246943,22.724255,龙城街道德政路103号,深圳市,广东省,,CN,,PRIVATE,NO,,"00:00,24:00;1,7|00:00,24:00;8,8",YES,,,"CONTRACT,MOBIL",,,,,+86 139 2342 1466,"http://chargenow.evpowergroup.com/,http://chargenow.evpowergroup.com/",,,yes,Self-service,0,no,,no,,,The prices of the BMW Charging/MINI Charging partner apply.,,依威能源,CHA:29a2e57083d64541a6731c3b908002e2,,,,2025-08-26 23:33:33.209793,0,12,,,,7.0,32.0,253.0,,,,12.0,,,,,,龙福一村4栋,龙岗区,2025-08-30,256,2026-05-10,Pending
311774601_2105182207242769534bqduz,CIS,,慢充 蔚蓝快充,114.40168,22.63715,坝光新村西区,深圳市,广东省,,CN,,PUBLIC,NO,,"00:00,24:00;1,7|00:00,24:00;8,8",YES,,,CONTRACT,,,,,,"http://chargenow.evpowergroup.com/,http://chargenow.evpowergroup.com/",,,yes,Self-service,0,no,,no,,,The prices of the BMW Charging/MINI Charging partner apply.,,蔚蓝快充,CHA:b54340eec965fbdb7b15aaee1b8143e4,,,,2025-08-26 23:33:33.209793,0,36,,,,7.0,32.0,220.0,,,,36.0,,,,,,坝光新村西一区2层2栋,龙岗区,2025-08-30,256,2026-05-15,Pending
320513112_57-536,CIS,,慢充 依威能源,120.143816,30.312971,小河街道登云路51-55号,杭州市,浙江省,,CN,,PUBLIC,NO,,"00:00,24:00;1,7|00:00,24:00;8,8",YES,,,"CONTRACT,MOBIL",,,,,,"http://chargenow.evpowergroup.com/,http://chargenow.evpowergroup.com/",,,yes,Self-service,0,no,,no,,,The prices of the BMW Charging/MINI Charging partner apply.,,依威能源,CHA:29a2e57083d64541a6731c3b908002e2,,,,2025-08-26 23:33:33.209793,0,6,,,,7.0,32.0,253.0,,,,6.0,,,,,,锦昌大厦,拱墅区,2025-08-30,256,2026-05-15,Pending
320513112_57-717,CIS,,慢充 依威能源,120.202846,30.474821,临平区塘栖镇塘栖路179号,杭州市,浙江省,,CN,,PUBLIC,NO,,"00:00,24:00;1,7|00:00,24:00;8,8",YES,,,"CONTRACT,MOBIL",,,,,,"http://chargenow.evpowergroup.com/,http://chargenow.evpowergroup.com/",,,yes,Self-service,0,no,,no,,,The prices of the BMW Charging/MINI Charging partner apply.,,依威能源,CHA:29a2e57083d64541a6731c3b908002e2,,,,2025-08-26 23:33:33.209793,0,14,,,,7.0,32.0,253.0,,,,14.0,,,,,,春风江南府北区,临平区,2025-08-30,256,2026-05-15,Pending
101437000_39791,CIS,,快充 小桔充电,120.28828,30.14133,卓越绿园汽车充电站(杭州萧山范生时装广场),杭州市,浙江省,,CN,,PUBLIC,NO,OUTDOOR,"00:00,24:00;1,7|00:00,24:00;8,8",YES,,,"CONTRACT,MOBIL",,,,,+86 178 5733 3821,"http://chargenow.evpowergroup.com/,http://chargenow.evpowergroup.com/",https://comppad.didistatic.com/static/comp-pad/85a6d9ec40464401.blob,,yes,Self-service,10,no,,no,,,The prices of the BMW Charging/MINI Charging partner apply.,,小桔充电,CHA:24fd36632c112e6b90788e9ea473873f,,,,2025-08-26 23:33:33.209793,10,0,120.0,250.0,1000.0,,,,,,,,10.0,,,,,萧山区范生时装广场充电站,萧山区,2025-08-30,256,2026-05-15,Pending
320513112_57-696,CIS,,慢充 依威能源,120.133203,30.324721,祥符街道后横港路31号,杭州市,浙江省,,CN,,PUBLIC,NO,,"00:00,24:00;1,7|00:00,24:00;8,8",YES,,,"CONTRACT,MOBIL",,,,,,"http://chargenow.evpowergroup.com/,http://chargenow.evpowergroup.com/",,,yes,Self-service,0,no,,no,,,The prices of the BMW Charging/MINI Charging partner apply.,,依威能源,CHA:29a2e57083d64541a6731c3b908002e2,,,,2025-08-26 23:33:33.209793,0,6,,,,7.0,32.0,253.0,,,,6.0,,,,,,锦秀文澜阁三区,拱墅区,2025-08-30,256,2026-05-15,Pending
101437000_22104,CIS,,快充 小桔充电,120.584445,30.192233,益农镇转益线,杭州市,浙江省,,CN,,PUBLIC,NO,OUTDOOR,"00:00,24:00;1,7|00:00,24:00;8,8",YES,,,"CONTRACT,MOBIL",,,,,+86 186 5819 5367,"http://chargenow.evpowergroup.com/,http://chargenow.evpowergroup.com/",https://s3-gz01.didistatic.com/epower-assets/upload/undefined/087b7f8f37a44f4a8581f3fe9bde54f6.png,,yes,Self-service,6,no,,no,,,The prices of the BMW Charging/MINI Charging partner apply.,,小桔充电,CHA:24fd36632c112e6b90788e9ea473873f,,,,2025-08-26 23:33:33.209793,6,0,60.0,250.0,1000.0,,,,,,,,6.0,,,,,光速能源-益农文化体育中心充电站,萧山区,2025-08-30,256,2026-05-10,Pending
101437000_23143,CIS,,慢充 小桔充电,120.214168,30.056068,义桥镇新坝村村委会,杭州市,浙江省,,CN,,PUBLIC,NO,OUTDOOR,"00:00,24:00;1,7|00:00,24:00;8,8",YES,,,"CONTRACT,MOBIL",,,,,+86 186 5819 5367,"http://chargenow.evpowergroup.com/,http://chargenow.evpowergroup.com/",https://comppad.didistatic.com/static/comp-pad/5be8c22bb3d227f8.jpg,,yes,Self-service,1,no,,no,,,The prices of the BMW Charging/MINI Charging partner apply.,,小桔充电,CHA:24fd36632c112e6b90788e9ea473873f,,,,2025-08-26 23:33:33.209793,0,1,,,,7.0,32.0,220.0,,,,1.0,,,,,,光速能源-新坝村慢充站,萧山区,2025-08-30,256,2026-06-01,Pending
MA2J378Y2_416684559614021,CIS,,慢充 宁波均胜,119.87434,29.907627,维也纳国际酒店杭州富阳场口店地面停车场,杭州市,浙江省,,CN,,PUBLIC,NO,,"00:00,24:00;1,7|00:00,24:00;8,8",YES,,,CONTRACT,,,,,+86 400 999 7778,"http://chargenow.evpowergroup.com/,http://chargenow.evpowergroup.com/",https://gw.joysonquin.com/common/file/download/417577599955205?417577599955205.jpg,,yes,Self-service,0,no,,no,,,The prices of the BMW Charging/MINI Charging partner apply.,,宁波均胜,CHA:1b8cf5516158af40b0e1fcefde88cdff,,,,2025-08-26 23:33:33.209793,0,9,,,,7.0,32.0,220.0,,,,9.0,,,,,,杭州维也纳酒店富阳区充电站,富阳区,2025-08-30,256,2026-05-15,Pending
MA002TMQX_300003000100019582,CIS,,快充 国家电网,120.210296,30.275437,彭埠街道钱潮路华媒·唯诗礼幼儿园(上城园),杭州市,浙江省,,CN,,PUBLIC,NO,,"00:00,24:00;1,7|00:00,24:00;8,8",YES,,,CONTRACT,,,,,+86 400 666 5121,"http://chargenow.evpowergroup.com/,http://chargenow.evpowergroup.com/",https://cdn-evone-oss.echargenet.com/zcContent/roadbook/300003000100019582/1714963100820_WR,,yes,Self-service,0,yes,,no,,,The prices of the BMW Charging/MINI Charging partner apply.,,国家电网,CHA:5d01957224895f00aa963c7b896dd8d2,,,,2025-08-26 23:33:33.209793,26,0,120.0,300.0,750.0,,,,,,,,26.0,,,,,杭州市上城区水湘充电站,上城区,2025-08-30,256,2026-05-20,Pending
625911998_9422983,CIS,,快充 壳牌充电,120.293885,30.455009,塘宁路32号,杭州市,浙江省,,CN,,PUBLIC,NO,,"00:00,24:00;1,7|00:00,24:00;8,8",YES,,,"CONTRACT,MOBIL",,,,,+86 400 082 6699,"http://chargenow.evpowergroup.com/,http://chargenow.evpowergroup.com/",https://gkd-prod-public-1304271637.cos.ap-beijing.myqcloud.com/fpchargethird/img/station/edd75cd63aef494cb464ca817606fc88.jpg,,yes,Self-service,0,no,,no,,,The prices of the BMW Charging/MINI Charging partner apply.,,壳牌充电,CHA:d7c15540ece6b3e32162a7f4aa1ca509,,,,2025-08-26 23:33:33.209793,28,0,120.0,,1000.0,,,,,,,,28.0,,,,,旺盛产业园充电站,临平区,2025-08-30,256,2026-06-01,Pending
MABUL2CU6_1676459647571836930,CIS,,快充 广汽能源,120.239402,30.298872,彭埠街道越秀云悦湾(北门)云悦湾b1，车位编号【180-183，193-204，226-231，234-245,杭州市,浙江省,,CN,,PUBLIC,NO,,"00:00,24:00;1,7|00:00,24:00;8,8",YES,,,"CONTRACT,MOBIL",,,,,+86 400 082 6699,"http://chargenow.evpowergroup.com/,http://chargenow.evpowergroup.com/",https://gkd-prod-public-1304271637.cos.ap-beijing.myqcloud.com/fpchargethird/img/station/1eda17d8b7124602a5e41e07af25da33.jpg,,yes,Self-service,0,no,,no,,,The prices of the BMW Charging/MINI Charging partner apply.,,广汽能源,CHA:9519a6a19e0c45bb9bbf7c5909523360,,,,2025-08-26 23:33:33.209793,12,0,360.0,18.0,1000.0,,,,,,,,12.0,,,,,昊铂杭州云悦湾超充站,上城区,2025-08-30,256,2026-06-01,Pending
MA002TMQX_300733001700000103,CIS,,慢充 国家电网,120.361537,30.309634,东投新悦广场地下停车场,杭州市,浙江省,,CN,,PUBLIC,NO,,"00:00,24:00;1,7|00:00,24:00;8,8",YES,,,CONTRACT,,,,,+86 400 666 5121,"http://chargenow.evpowergroup.com/,http://chargenow.evpowergroup.com/",,,yes,Self-service,0,yes,,no,,,The prices of the BMW Charging/MINI Charging partner apply.,,国家电网,CHA:5d01957224895f00aa963c7b896dd8d2,,,,2025-08-26 23:33:33.209793,0,15,,,,7.0,32.0,253.0,,,,15.0,,,,,,杭州市钱塘区东投新悦广场交流充电站,钱塘区,2025-08-30,256,2026-05-10,Pending
320513112_57-317,CIS,,慢充 依威能源,119.935715,30.052012,富春街道金凤路75号,杭州市,浙江省,,CN,,PUBLIC,NO,,"00:00,24:00;1,7|00:00,24:00;8,8",YES,,,"CONTRACT,MOBIL",,,,,,"http://chargenow.evpowergroup.com/,http://chargenow.evpowergroup.com/",,,yes,Self-service,0,no,,no,,,The prices of the BMW Charging/MINI Charging partner apply.,,依威能源,CHA:29a2e57083d64541a6731c3b908002e2,,,,2025-08-26 23:33:33.209793,0,6,,,,7.0,32.0,253.0,,,,6.0,,,,,,百合蓝鸟苑,富阳区,2025-08-30,256,2026-05-10,Pending
MAC3JRJ77_8f1e32b4f400200,CIS,,慢充 库仑,120.096178,30.089038,双浦镇桑园地村委东侧公共停车场4台；桑园地文化礼堂西侧侧公共停车场6台,杭州市,浙江省,,CN,,PUBLIC,NO,,"00:00,24:00;1,7|00:00,24:00;8,8",YES,,,"CONTRACT,MOBIL",,,,,+86 400 082 6699,"http://chargenow.evpowergroup.com/,http://chargenow.evpowergroup.com/",,,yes,Self-service,0,no,,no,,,The prices of the BMW Charging/MINI Charging partner apply.,,库仑,CHA:0d847d27219e2e9d0d095cab04b2f13a,,,,2025-08-26 23:33:33.209793,0,10,,,,7.0,,,,,,10.0,,,,,,桑园地村便民充电站,西湖区,2025-08-30,256,2026-05-15,Pending
320513112_57-194,CIS,,慢充 依威能源,120.085254,30.162459,丽景路与支路三交叉口东北50米转塘家园南区,杭州市,浙江省,,CN,,PUBLIC,NO,,"00:00,24:00;1,7|00:00,24:00;8,8",YES,,,"CONTRACT,MOBIL",,,,,,"http://chargenow.evpowergroup.com/,http://chargenow.evpowergroup.com/",,,yes,Self-service,0,no,,no,,,The prices of the BMW Charging/MINI Charging partner apply.,,依威能源,CHA:29a2e57083d64541a6731c3b908002e2,,,,2025-08-26 23:33:33.209793,0,6,,,,7.0,32.0,253.0,,,,6.0,,,,,,转塘家园南区,西湖区,2025-08-30,256,2026-05-20,Pending
320513112_57-498,CIS,,慢充 依威能源,120.241835,30.356416,丁兰街道明珠街26号,杭州市,浙江省,,CN,,PUBLIC,NO,,"00:00,24:00;1,7|00:00,24:00;8,8",YES,,,"CONTRACT,MOBIL",,,,,,"http://chargenow.evpowergroup.com/,http://chargenow.evpowergroup.com/",,,yes,Self-service,0,no,,no,,,The prices of the BMW Charging/MINI Charging partner apply.,,依威能源,CHA:29a2e57083d64541a6731c3b908002e2,,,,2025-08-26 23:33:33.209793,0,12,,,,7.0,32.0,253.0,,,,12.0,,,,,,美都雅苑,上城区,2025-08-30,256,2026-05-20,Pending
101437000_21570,CIS,,快充 小桔充电,119.959487,30.087653,银湖街道大岭山路浙江大铭新材料股份有限公司,杭州市,浙江省,,CN,,PUBLIC,NO,OUTDOOR,"00:00,24:00;1,7|00:00,24:00;8,8",YES,,,"CONTRACT,MOBIL",,,,,+86 400 831 9299,"http://chargenow.evpowergroup.com/,http://chargenow.evpowergroup.com/",https://s3-gz01.didistatic.com/epower-assets/upload/undefined/91f1238170be4a9d83da01d45df91610.png,,yes,Self-service,10,no,,no,,,The prices of the BMW Charging/MINI Charging partner apply.,,小桔充电,CHA:24fd36632c112e6b90788e9ea473873f,,,,2025-08-26 23:33:33.209793,10,0,160.0,250.0,1000.0,,,,,,,,10.0,,,,,杭州爱丽芬充电站项目,富阳区,2025-08-30,256,2026-05-20,Pending
101437000_6554,CIS,,快充 小桔充电,120.464316,30.28933,东度人力大厦 地面充电站,杭州市,浙江省,,CN,,PUBLIC,NO,OUTDOOR,"00:00,24:00;1,7|00:00,24:00;8,8",YES,,EASY_CHARGE,"CONTRACT,MOBIL",,,,,+86 400 061 0999,"http://chargenow.evpowergroup.com/,http://chargenow.evpowergroup.com/",https://comppad.didistatic.com/image/64499be27b28770a.jpg?srcurl=http://100.69.238.49/static/comp-pad/64499be27b28770a.jpg&mode=online&opt=resize&width=750&height=422,,yes,Self-service,0,no,,no,,,The prices of the BMW Charging/MINI Charging partner apply.,,小桔充电,CHA:24fd36632c112e6b90788e9ea473873f,,,,2025-08-26 23:33:33.209793,14,0,120.0,250.0,750.0,,,,,,,,14.0,,,,,钱塘区东度人力大厦,钱塘区,2025-08-30,256,2026-06-01,Pending
101437000_35085,CIS,,快充 小桔充电,119.632081,29.720767,富春江镇沪瑞线,杭州市,浙江省,,CN,,PUBLIC,NO,OUTDOOR,"00:00,24:00;1,7|00:00,24:00;8,8",YES,,,"CONTRACT,MOBIL",,,,,+86 182 6885 6693,"http://chargenow.evpowergroup.com/,http://chargenow.evpowergroup.com/",https://comppad.didistatic.com/image/fde029b36653066e.jpg?srcurl=http://100.69.238.49/static/comp-pad/fde029b36653066e.jpg&mode=online&opt=resize&width=750&height=422,,yes,Self-service,6,no,,no,,,The prices of the BMW Charging/MINI Charging partner apply.,,小桔充电,CHA:24fd36632c112e6b90788e9ea473873f,,,,2025-08-26 23:33:33.209793,6,0,250.0,250.0,1000.0,,,,,,,,6.0,,,,,富春江镇严陵村充电站,桐庐县,2025-08-30,256,2026-05-20,Pending
320513112_57-086,CIS,,慢充 依威能源,120.273645,30.214312,文明路288号御庭园,杭州市,浙江省,,CN,,PUBLIC,NO,,"00:00,24:00;1,7|00:00,24:00;8,8",YES,,,"CONTRACT,MOBIL",,,,,,"http://chargenow.evpowergroup.com/,http://chargenow.evpowergroup.com/",,,yes,Self-service,0,no,,no,,,The prices of the BMW Charging/MINI Charging partner apply.,,依威能源,CHA:29a2e57083d64541a6731c3b908002e2,,,,2025-08-26 23:33:33.209793,0,6,,,,7.0,32.0,253.0,,,,6.0,,,,,,御庭园,萧山区,2025-08-30,256,2026-05-10,Pending
101437000_25221,CIS,,快充 小桔充电,120.041061,30.413143,良渚街道严家桥4号楼,杭州市,浙江省,,CN,,PUBLIC,NO,OUTDOOR,"00:00,24:00;1,7|00:00,24:00;8,8",YES,,,"CONTRACT,MOBIL",,,,,+86 198 5742 0912,"http://chargenow.evpowergroup.com/,http://chargenow.evpowergroup.com/",https://comppad.didistatic.com/static/comp-pad/befcc1d666a821cc.jpg,,yes,Self-service,6,no,,no,,,The prices of the BMW Charging/MINI Charging partner apply.,,小桔充电,CHA:24fd36632c112e6b90788e9ea473873f,,,,2025-08-26 23:33:33.209793,6,0,60.0,250.0,1000.0,,,,,,,,6.0,,,,,光速能源-新港村二号充电站,余杭区,2025-08-30,256,2026-05-10,Pending
MA2J378Y2_411740494585925,CIS,,慢充 宁波均胜,120.24847,30.172,乐园路27号,杭州市,浙江省,,CN,,PUBLIC,NO,,"00:00,24:00;1,7|00:00,24:00;8,8",YES,,,CONTRACT,,,,,+86 400 999 7778,"http://chargenow.evpowergroup.com/,http://chargenow.evpowergroup.com/",https://gw.joysonquin.com/common/file/download/415121744625925?415121744625925.jpg,,yes,Self-service,0,no,,no,,,The prices of the BMW Charging/MINI Charging partner apply.,,宁波均胜,CHA:1b8cf5516158af40b0e1fcefde88cdff,,,,2025-08-26 23:33:33.209793,0,12,,,,7.0,32.0,220.0,,,,12.0,,,,,,杭州美之园充电站,萧山区,2025-08-30,256,2026-05-10,Pending
MA27YQ0R4_169,CIS,,快充/慢充 融e充,118.933239,29.665375,千岛湖停车区,杭州市,浙江省,,CN,,PUBLIC,NO,,"00:00,24:00;1,7|00:00,24:00;8,8",YES,,,"CONTRACT,MOBIL",,,,,+86 400 082 6699,"http://chargenow.evpowergroup.com/,http://chargenow.evpowergroup.com/",,,yes,Self-service,0,no,,no,,,The prices of the BMW Charging/MINI Charging partner apply.,,融e充,CHA:065e83c8adf799dcf62e46f049a6bdb4,,,,2025-08-26 23:33:33.209793,10,2,120.0,200.0,750.0,7.0,,,,,,2.0,10.0,,,,,千黄高速公路千岛湖停车区充电站,淳安县,2025-08-30,256,2026-05-20,Pending
MA2J378Y2_313936744182021,CIS,,慢充 宁波均胜,120.11009,30.2802,嘉绿西苑北区-幼儿园门口停车位,杭州市,浙江省,,CN,,PUBLIC,NO,,"00:00,24:00;1,7|00:00,24:00;8,8",YES,,,CONTRACT,,,,,+86 400 999 7778,"http://chargenow.evpowergroup.com/,http://chargenow.evpowergroup.com/",https://gw.joysonquin.com/common/file/download/314651562995781?314651562995781.jpg,,yes,Self-service,0,no,,no,,,The prices of the BMW Charging/MINI Charging partner apply.,,宁波均胜,CHA:1b8cf5516158af40b0e1fcefde88cdff,,,,2025-08-26 23:33:33.209793,0,5,,,,7.0,32.0,220.0,,,,5.0,,,,,,杭州嘉绿西苑北区充电站,西湖区,2025-08-30,256,2026-05-10,Pending
101437000_27015,CIS,,快充 小桔充电,120.261335,30.209367,宁围街道建设四路金珺澜庭 充电车位在小区西南侧地面停车位,杭州市,浙江省,,CN,,PUBLIC,NO,OUTDOOR,"00:00,24:00;1,7|00:00,24:00;8,8",YES,,,"CONTRACT,MOBIL",,,,,+86 88888500,"http://chargenow.evpowergroup.com/,http://chargenow.evpowergroup.com/",https://comppad.didistatic.com/image/172f55923ee217fb.blob?srcurl=http://100.69.238.49/static/comp-pad/172f55923ee217fb.blob&mode=online&opt=resize&width=750&height=422,,yes,Self-service,24,no,,no,,,The prices of the BMW Charging/MINI Charging partner apply.,,小桔充电,CHA:24fd36632c112e6b90788e9ea473873f,,,,2025-08-26 23:33:33.209793,24,0,250.0,250.0,1000.0,,,,,,,,24.0,,,,,金珺澜庭充电站,萧山区,2025-08-30,256,2026-05-20,Pending
MADD8G2W4_3301020003,CIS,2.0,超充/快充 逸安启,120.203055,30.259816,秋涛北路72号欧亚达家居地面车位，东门进入左拐约10米,杭州市,浙江省,,CN,,PUBLIC,NO,OUTDOOR,"00:00,24:00;1,7|00:00,24:00;8,8",YES,,EASY_CHARGE,CONTRACT,,,,,,"http://chargenow.evpowergroup.com/,http://chargenow.evpowergroup.com/",https://resource.ionchi.com/teldimage/134/b5bec2a0acf2464e9e502959fc406677.jpg,,yes,Self-service,3,no,,no,,,The prices of the BMW Charging/MINI Charging partner apply.,,逸安启,CHA:8f94787a354778c0fade74a9ca73e85d,,,,2025-08-26 23:33:33.209793,4,0,600.0,600.0,1000.0,,,,,,,,4.0,,,,,逸安启超充站-杭州欧亚达家居,上城区,2025-08-30,256,2026-05-10,Pending
320513112_57-623,CIS,,慢充 依威能源,120.147912,30.169541,浦沿街道浦沿路713号,杭州市,浙江省,,CN,,PUBLIC,NO,,"00:00,24:00;1,7|00:00,24:00;8,8",YES,,,"CONTRACT,MOBIL",,,,,,"http://chargenow.evpowergroup.com/,http://chargenow.evpowergroup.com/",,,yes,Self-service,0,no,,no,,,The prices of the BMW Charging/MINI Charging partner apply.,,依威能源,CHA:29a2e57083d64541a6731c3b908002e2,,,,2025-08-26 23:33:33.209793,0,12,,,,7.0,32.0,253.0,,,,12.0,,,,,,银爵世纪公寓,滨江区,2025-08-30,256,2026-06-01,Pending
MA2J378Y2_410240982831173,CIS,,慢充 宁波均胜,120.153,30.295824,假山路99号,杭州市,浙江省,,CN,,PUBLIC,NO,,"00:00,24:00;1,7|00:00,24:00;8,8",YES,,,CONTRACT,,,,,+86 400 999 7778,"http://chargenow.evpowergroup.com/,http://chargenow.evpowergroup.com/",https://gw.joysonquin.com/common/file/download/410241330249797?410241330249797.jpg,,yes,Self-service,0,no,,no,,,The prices of the BMW Charging/MINI Charging partner apply.,,宁波均胜,CHA:1b8cf5516158af40b0e1fcefde88cdff,,,,2025-08-26 23:33:33.209793,0,9,,,,7.0,32.0,220.0,,,,9.0,,,,,,杭州蓝色霞湾充电站,拱墅区,2025-08-30,256,2026-06-01,Pending
101437000_60497,CIS,,快充 小桔充电,120.276206,30.433701,临平街道顺达路159-25顺达花苑西区,杭州市,浙江省,,CN,,PUBLIC,NO,OUTDOOR,"00:00,24:00;1,7|00:00,24:00;8,8",YES,,,"CONTRACT,MOBIL",,,,,+86 152 6810 6850,"http://chargenow.evpowergroup.com/,http://chargenow.evpowergroup.com/",https://comppad.didistatic.com/static/comp-pad/9aac25aeab0fdd58.blob,,yes,Self-service,0,no,,no,,,The prices of the BMW Charging/MINI Charging partner apply.,,小桔充电,CHA:24fd36632c112e6b90788e9ea473873f,,,,2025-08-26 23:33:33.209793,10,0,120.0,250.0,1000.0,,,,,,,,10.0,,,,,顺达花苑充电站,临平区,2025-08-30,256,2026-05-15,Pending
395815801_3301030018,CIS,,慢充 特来电,120.166523,30.265202,凤起路380号,杭州市,浙江省,,CN,,PUBLIC,NO,,"00:00,24:00;1,7|00:00,24:00;8,8",YES,,,"CONTRACT,MOBIL",,,,,,"http://chargenow.evpowergroup.com/,http://chargenow.evpowergroup.com/",https://resource.teld.cn/teldimage/115/8bd970880fbb46ba9e2b5ef61be97aae.jpg,,yes,Self-service,0,no,,no,,,The prices of the BMW Charging/MINI Charging partner apply.,,特来电,CHA:5479f3f7286204c4695bb304cc779436,,,,2025-08-26 23:33:33.209793,0,2,,,,7.0,32.0,220.0,,,,2.0,,,,,,特来电杭州皇亲苑社区充电站,拱墅区,2025-08-30,256,2026-05-10,Pending
395815801_3301120020,CIS,,快充 特来电,119.707579,30.244167,锦北街道花石街临安基督教,杭州市,浙江省,,CN,,PUBLIC,NO,ALL,"00:00,24:00;1,7|00:00,24:00;8,8",YES,,,"CONTRACT,MOBIL",,,,,,"http://chargenow.evpowergroup.com/,http://chargenow.evpowergroup.com/",https://resource.teld.cn/teldimage/134/微信图片2023110109104420231101091143.jpg,,yes,Self-service,0,no,,no,,,The prices of the BMW Charging/MINI Charging partner apply.,,特来电,CHA:5479f3f7286204c4695bb304cc779436,,,,2025-08-26 23:33:33.209793,12,0,480.0,600.0,1000.0,,,,,,,,12.0,,,,,临安花石街超级充电站,临安区,2025-08-30,256,2026-05-10,Pending
