City,Day,Date,Station Name,Use Case,Status,CPO,Manufacturer,MODEL,Voltage(V),Current(A),Power(kW),Start Method,Has_12A_24A,Start Time,Start SoC(%),End Time,End SoC(%),End Method,Test Result,Remark,Station_ID
广州,1.0,11/28/25,广州城投（花城广场南区）充电站,DC_UC4_17460724,Normal Test,GZ Chengtou/城投充电,许记/Xuji,DC,750.0,120.0,90.0,掃描 QRcode,,11/28/25 11:19,36.0,11/28/25 11:24,37.0,APP,Pass,在內部發現空位,GZ_unknown_cpo_001
广州,1.0,11/28/25,小鹏汽车充电站(小鹏超充广州国际金融中心IFC站),DC_UC5_17460720,Normal Test,CAMS,CAMS,,,,,掃描 QRcode,,11/28/25 11:49,36.0,11/28/25 11:54,40.0,APP,Pass,同一区域内发现开麦斯,GZ_unknown_cpo_002
广州,1.0,11/28/25,小鹏汽车充电站(小鹏超充广州国际金融中心IFC站),DC_UC4_17460724,Normal Test,Xpeng,East/易事特集团股份有限公司,HDC,1000.0,250.0,250.0,掃描 QRcode,,11/28/25 12:07,40.0,11/28/25 12:10,42.0,APP,Pass,该 USE CASE 测试时固定三分钟,GZ_unknown_cpo_003
广州,1.0,11/28/25,IONCHI(小鹏超充广州国际金融中心IFC站),DC_UC5_17460720,Normal Test,IONCHI,英飞源/INFY,HPC,1000.0,600.0,600.0,掃描 QRcode,,11/28/25 12:19,42.0,11/28/25 12:23,50.0,APP,Pass,同一地點發現逸安啟 設置目標充電至 50%,GZ_unknown_cpo_004
广州,1.0,11/28/25,小朗充电-广州市妇女儿童医疗中心充电站,DC_UC5_17460720,Site Issue,小朗/Xiaolang,,,,,,,,,,,,,,該地區不適合測試 以後去掉 POI 醫院位置,GZ_unknown_cpo_005
广州,1.0,11/28/25,广汽能源汽车充电站(广汽昊铂广州珠江公园超充站),DC_UC6_17460721,Normal Test,XDT/GAC,万城万冲新能源科技有限公司/WCWC,HPC,1000.0,250.0,360.0,掃描 QRcode,,11/28/25 13:22,46.0,11/28/25 13:27,54.0,LAT,Pass,"差槍後沒有及時掃碼,app display 360KW  but charger only 120 KW",GZ_unknown_cpo_006
广州,1.0,11/28/25,蔚来能源目的地充电站(内部使用广州天銮广场),DC_UC6_17460721,Site Issue,NIO,NIO,,,,,,,,,,,,,不對外開放,GZ_unknown_cpo_007
广州,1.0,11/28/25,维杰斯通充电站-慢充,DC_UC6_17460721,Normal Test,維傑斯/Vajesta,新亞東方電能科技有限公司,DC,750.0,240.0,120.0,掃描 QRcode,,11/28/25 14:45,44.0,11/28/25 14:48,50.0,LAT,Pass,發現額外 DC 站 修改紀錄時間,GZ_unknown_cpo_008
广州,1.0,11/28/25,维杰斯通充电站,AC_UC1_17460722,Normal Test,維傑斯/Vajesta,新亞東方電能科技有限公司,AC,220.0,32.0,7.0,掃描 QRcode,,11/28/25 14:53,50.0,11/28/25 14:59,50.0,APP,Pass,發現額外 DC 站 修改紀錄時間,GZ_unknown_cpo_009
广州,1.0,11/28/25,好充穗盐西充电站,DC_UC4_17460724,Normal Test,好充/Godd charging,鴻嘉利新能源有限公司,DC,750.0,250.0,120.0,掃描 QRcode,,11/28/25 17:05,36.0,11/28/25 17:08,38.0,APP,Pass,到達導航位置並未發現比亞迪充電站<選擇測試旁邊的 好充快充充電站,GZ_unknown_cpo_010
广州,1.0,11/28/25,好充穗盐西充电站,DC_UC4_17460724,Normal Test,好充/Godd charging,鴻嘉利新能源有限公司,DC,750.0,250.0,120.0,掃描 QRcode,,11/28/25 17:11,38.0,11/28/25 17:14,42.0,APP,Pass,好充快充电站的第二次测试纪录，换一个不同的充电桩以同样的 use case 测试2025-11-29,GZ_unknown_cpo_010
广州,2.0,11/29/25,天河平云路智慧超充站,DC_UC4_17460724,Normal Test,英非,深圳科陆电子科技有限公司,DC,1000.0,250.0,250.0,掃描 QRcode,,11/29/25 9:59,34.0,11/29/25 10:00,38.0,LAT,Pass,七号樁 B 枪,GZ_unknown_cpo_011
广州,2.0,11/29/25,天河平云路智慧超充站,DC_UC4_17460724,Normal Test,快電,深圳科路电子科技股份有限公司,DC,500.0,200.0,120.0,掃描 QRcode,,11/29/25 10:06,38.0,11/29/25 10:10,41.0,APP,Pass,8号樁 A 枪,GZ_unknown_cpo_012
广州,2.0,11/29/25,同创仑头充电站,DC_UC5_17460720,Normal Test,BP,深圳是科华恒盛科技有限公司,DC,750.0,250.0,120.0,掃描 QRcode,,11/29/25 10:24,41.0,11/29/25 10:28,45.0,reached target SOC,Pass,BP 29 号电枪,GZ_unknown_cpo_013
广州,2.0,11/29/25,同创仑头充电站,DC_UC6_17460721,Normal Test,BP,富阳中恒电器公司,DC,750.0,250.0,120.0,掃描 QRcode,,11/29/25 10:38,45.0,11/29/25 10:44,51.0,LAT,Pass,"BP17 号充电桩 32号电枪, 充電過程中 charge stripe 無法回到 home page. ",GZ_unknown_cpo_013
广州,2.0,11/29/25,天河平云路智慧超充站,DC_UC5_17460720,Normal Test,NIO,NIO,HPC,1000.0,660.0,500.0,掃描 QRcode,,11/29/25 10:52,51.0,11/29/25 10:58,53.0,reached target SOC,Pass,功率太低重新測試,GZ_unknown_cpo_014
广州,2.0,11/29/25,天河平云路智慧超充站,DC_UC5_17460720,Normal Test,NIO,NIO,HPC,1000.0,660.0,500.0,掃描 QRcode,,11/29/25 11:00,53.0,11/29/25 11:03,55.0,reached target SOC,Pass,成功達到 55%,GZ_unknown_cpo_014
广州,2.0,11/29/25,广州珠江新城潭村新创超级充电站,DC_UC4_17460724,Normal Test,新创能源,WIN Engrgy,DC,1000.0,250.0,120.0,掃描 QRcode,,11/29/25 11:11,55.0,11/29/25 11:14,59.0,APP,Pass,,GZ_unknown_cpo_015
广州,2.0,11/29/25,广州珠江新城潭村新创超级充电站,DC_UC6_17460721,Normal Test,新创能源,WIN Engrgy,DC,750.0,250.0,180.0,掃描 QRcode,,11/29/25 11:21,58.0,11/29/25 11:28,66.0,reached target SOC,Pass,19號樁B槍,GZ_unknown_cpo_015
广州,2.0,11/29/25,天河平云路智慧超充站,DC_UC6_17460721,Normal Test,AINO,万城万冲新能源科技有限公司/WCWC,HPC,1000.0,250.0,180.0,掃描 QRcode,,11/29/25 11:36,66.0,11/29/25 11:42,75.0,reached target SOC,Pass,11号樁,GZ_unknown_cpo_016
广州,2.0,11/29/25,广州长大展示中心极充站,DC_UC4_17460724,Normal Test,順義衝,許繼電源有限公司,HPC,1000.0,250.0,250.0,掃描 QRcode,,11/29/25 13:05,67.0,11/29/25 13:09,69.0,reached target SOC,Pass,极客，此次测试充电桩功率只到 100A. 同时充电车辆 5 台车 8 把枪,GZ_unknown_cpo_017
广州,2.0,11/29/25,广州长大展示中心极充站,DC_UC6_17460721,Normal Test,ZEEKR,浩瀚能源科技有限公司,HPC,750.0,67.0,20.0,掃描 QRcode,,11/29/25 13:22,69.0,11/29/25 13:09,,APP,Failed,极客，第二次測試,GZ_unknown_cpo_018
广州,2.0,11/29/25,广州长大展示中心极充站,DC_UC6_17460721,Normal Test,ZEEKR,浩瀚能源科技有限公司,HPC,750.0,67.0,20.0,掃描 QRcode,,11/29/25 13:31,69.0,11/29/25 13:37,70.0,APP,Pass,极客，第二次测试，使用桩 NO7.  坏桩 NO3,GZ_unknown_cpo_018
广州,2.0,11/29/25,广州长大展示中心极充站,DC_UC5_17460720,Normal Test,ZEEKR,浩瀚能源科技有限公司,HPC,1000.0,,360.0,掃描 QRcode,,11/29/25 13:45,70.0,11/29/25 13:49,75.0,reached target SOC,Pass,"停車位為 004, 但是 ZEEKR 的充電線較短，默認充電位置為車子左側。因此寶馬車主需要確認的是有兩個連續空位",GZ_unknown_cpo_018
广州,2.0,11/29/25,广州长大展示中心极充站,DC_UC5_17460720,Normal Test,ZEEKR,浩瀚能源科技有限公司,HPC,1000.0,,360.0,掃描 QRcode,,11/29/25 13:45,70.0,11/29/25 13:49,75.0,reached target SOC,Pass,"停車位為 004, 但是 ZEEKR 的充電線較短，默認充電位置為車子左側。因此寶馬車主需要確認的是有兩個連續空位",GZ_unknown_cpo_018
广州,2.0,11/29/25,广汽能源广州白云泓泰广场超充站,DC_UC4_17460724,Normal Test,Li Auto,SC/万邦数字能源股份有限公司,HPC,1000.0,250.0,250.0,掃描 QRcode,,11/29/25 14:20,72.0,11/29/25 14:23,76.0,CID,Pass,,GZ_unknown_cpo_019
广州,2.0,11/29/25,广汽能源广州白云泓泰广场超充站,DC_UC4_17460724,Normal Test,GAC,廣汽能源科技有限公司,HPC,1000.0,250.0,480.0,掃描 QRcode,,11/29/25 14:43,76.0,11/29/25 14:46,79.0,LAT,Pass,1 號裝 B 槍 設備離線。,GZ_unknown_cpo_020
广州,3.0,11/30/25,依偎能源汽車充電站（騏利廣場）,AC_UC1_17460722,Abnormal(Charger broken),EV Power,EV Power,,,,,掃描 QRcode,,11/30/25 11:26,69.0,11/30/25 11:34,69.0,APP,Failed,充电桩坏损,GZ_unknown_cpo_021
广州,3.0,11/30/25,周门充电站,DC_UC5_17460720,Normal Test,周门充电站,Sinexcel/深圳市盛宏电器股份有限公司,DC,380.0,258.0,160.0,掃描 QRcode,,11/30/25 12:45,64.0,11/30/25 12:45,70.0,APP,Pass,需要重新记录开始时间,GZ_unknown_cpo_022
广州,3.0,11/30/25,石化易電,DC_UC4_17460724,Normal Test,石化易電,East/易事特集团股份有限公司,HPC,1000.0,480.0,480.0,掃描 QRcode,,11/30/25 14:51,66.0,11/30/25 14:54,70.0,APP,Pass,,GZ_unknown_cpo_023
广州,3.0,11/30/25,石化易電,DC_UC4_17460724,Normal Test,石化易電,East/易事特集团股份有限公司,HPC,1000.0,600.0,480.0,掃描 QRcode,,11/30/25 14:58,70.0,11/30/25 15:02,74.0,APP,Pass,與上一條同樣的充電樁，兩個槍不同的功率,GZ_unknown_cpo_023
广州,4.0,12/1/25,IONCHI Phase2 Station 广州汉银广场,,Normal Test,IONCHI,英飛源,HPC,1000.0,600.0,600.0,掃描 Qrcode,,12/1/25 22:38,0.0,12/1/25 22:39,0.0,APP,Pass,Demand current is only 500A,GZ_unknown_cpo_024
广州,4.0,12/1/25,IONCHI Phase2 Station 广州汉银广场,,Normal Test,IONCHI,英飛源,HPC,1000.0,600.0,600.0,掃描 QRcode,,12/1/25 22:41,1.0,12/1/25 22:46,10.0,CID,Pass,Demand current is only 500A,GZ_unknown_cpo_024
广州,5.0,12/2/25,冠伟大厦充电站,DC_UC4_17460724,Normal Test,快來衝汽車充電站,杭州奧能電源設備設備有限公司,HPC,1000.0,250.0,250.0,掃描 QRcode,,12/2/25 10:51,6.0,12/2/25 10:54,10.0,APP,Pass,停車場路非常狹小,GZ_unknown_cpo_025
广州,5.0,12/2/25,冠伟大厦充电站,DC_UC4_17460724,Normal Test,快來衝汽車充電站,杭州奧能電源設備設備有限公司,HPC,1000.0,600.0,600.0,掃描 QRcode,,12/2/25 10:58,7.0,12/2/25 11:04,11.0,APP,Pass,停車場路非常狹小 兩個都沒有 24 幅選項,GZ_unknown_cpo_025
广州,5.0,12/2/25,东宏国际广场充电站交流区,DC_UC6_17460721,Normal Test,萬城萬沖,广州万城万冲新能源科技有限公司,DC,750.0,150.0,60.0,掃描 QRcode,,12/2/25 11:23,10.0,12/2/25 11:32,17.0,APP,Pass,停車場路非常狹小 兩個都沒有 24 幅選項,GZ_unknown_cpo_026
广州,5.0,12/2/25,东宏国际广场充电站交流区,AC_UC1_17460722,Normal Test,萬城萬沖,广州万城万冲新能源科技有限公司,AC,220.0,32.0,7.0,掃描 QRcode,,12/2/25 11:38,17.0,12/2/25 11:39,16.0,APP,Pass,該場站內除了 AC 樁外都沒有 PLATE,GZ_unknown_cpo_026
广州,5.0,12/2/25,海珠区保利叁悦A塔充电站,DC_UC5_17460720,Normal Test,鵬輝充電,深圳市永聯科技股份有限公司,DC,750.0,366.0,120.0,掃描 QRcode,,12/2/25 11:53,15.0,12/2/25 12:01,20.0,reached target SOC,Pass,附近有好吃的銀記腸粉,GZ_unknown_cpo_027
广州,5.0,12/2/25,珠海區保安服務集團有限公司充電站,DC_UC4_17460724,Normal Test,South Gird,南網電動,DC,750.0,150.0,60.0,掃描 QRcode,,13:13,18.0,13:23,19.0,APP,Pass,,GZ_unknown_cpo_028
广州,5.0,12/2/25,廣州供電局光儲剪放一體化,DC_UC6_17460721,Normal Test,Teld,特來電,DC,1000.0,250.0,250.0,掃描 QRcode,,13:24,19.0,13:34,21.0,APP,Pass,,GZ_unknown_cpo_029
广州,5.0,12/2/25,新謠中路華中街超充站,DC_UC5_17460720,Normal Test,SC,星星充電,DC,1000.0,250.0,50.0,掃描 QRcode,,13:48,20.0,13:56,25.0,reached target SOC,Pass,,GZ_unknown_cpo_030
广州,5.0,12/2/25,新謠中路華中街超充站,DC_UC4_17460724,Normal Test,節電通,意思特,DC,950.0,250.0,240.0,掃描 QRcode,,14:00,25.0,14:07,27.0,APP,Pass,,GZ_unknown_cpo_031
广州,5.0,12/2/25,新謠中路華中街超充站,DC_UC4_17460724,Normal Test,EAST DCWB,意思特,DC,950.0,250.0,240.0,掃描 QRcode,,14:08,27.0,14:12,28.0,APP,Pass,,GZ_unknown_cpo_032
广州,5.0,12/2/25,同創輪投充電站,DC_UC6_17460721,Normal Test,Xiaoju,小桔,DC,1000.0,250.0,500.0,掃描 QRcode,1.0,14:20,27.0,14:31,37.0,APP,Pass,,GZ_unknown_cpo_033
广州,5.0,12/2/25,中國石化東蒲油站充電站,DC_UC5_17460720,Normal Test,Teld,特來電,DC,380.0,250.0,120.0,掃描 QRcode,,14:47,35.0,14:55,40.0,reached target SOC,Pass,,GZ_unknown_cpo_034
广州,6.0,12/3/25,新百佳充电站,,Abnormal(Unable to enter),,,,,,,,,,,,,,,,
广州,6.0,12/3/25,广州市万科广场充电站,DC_UC5_17460720,Normal Test,Lvnenghuichong,綠能會衝,DC,1000.0,250.0,100.0,掃描 QRcode,1.0,10:53,35.0,11:02,40.0,reached target SOC,Pass,,GZ_unknown_cpo_035
广州,6.0,12/3/25,广州发展瑞士酒店充电站,DC_UC4_17460724,Normal Test,Ruisuzhineng,瑞蘇智能,DC,1000.0,250.0,120.0,掃描 QRcode,1.0,11:03,40.0,11:13,43.0,reached target SOC,Pass,,GZ_unknown_cpo_036
广州,6.0,12/3/25,延长壳牌广州富力天寓地下慢充站,DC_UC4_17460724,Normal Test,zhongnengkunchng,重能快充,DC,1000.0,125.0,40.0,掃描 QRcode,1.0,11:50,40.0,11:57,41.0,reached target SOC,Pass,,GZ_unknown_cpo_037
广州,6.0,12/3/25,美林M.LIVE天地西座-慢充,DC_UC5_17460720,Normal Test,teld,特來電,DC,1000.0,250.0,250.0,掃描 QRcode,1.0,13:36,40.0,13:47,40.0,reached target SOC,Pass,,GZ_unknown_cpo_038
广州,6.0,12/3/25,美林M.LIVE天地西座-慢充,AC_UC1_17460722,Normal Test,Shenhong,盛宏,AC,220.0,32.0,7.0,掃描 QRcode,0.0,14:09,36.0,14:15,36.0,APP,Pass,,GZ_unknown_cpo_039
广州,6.0,12/3/25,美林M.LIVE天地西座-慢充,AC_UC1_17460722,Normal Test,SC,星星充電,DC,220.0,32.0,7.0,掃描 QRcode,0.0,14:47,38.0,14:53,38.0,APP,Pass,,GZ_unknown_cpo_040
广州,,12/3/25,美林M.LIVE天地西座-慢充,DC_UC4_17460724,Normal Test,法斯特,法斯特智能科技發展有限公司,DC,1000.0,400.0,120.0,掃描 QRcode,0.0,14:58,38.0,15:08,41.0,APP,Pass,,GZ_fasite_001
广州,6.0,12/3/25,充电有道黄埔时代城快充站,DC_UC4_17460724,Normal Test,Kehua,柯華,DC,380.0,194.0,120.0,掃描 QRcode,0.0,15:49,37.0,15:51,45.0,reached target SOC,Pass,,GZ_unknown_cpo_041
广州,6.0,12/3/25,荔湾东沙站,DC_UC5_17460720,Normal Test,Shenhong,盛宏,DC,750.0,250.0,180.0,掃描 QRcode,1.0,16:39,37.0,16:52,45.0,reached target SOC,Pass,"廣州最大充電站, 122 隻充電槍",GZ_unknown_cpo_042
广州,7.0,12/4/25,廣州特瓦社龍騰18電子商務產業圈超充站,DC_UC5_17460720,Normal Test,特瓦特,特瓦特能源科技有限公司,HPC,1000.0,500.0,600.0,掃描 QRcode,0.0,12/4/25 10:48,38.0,12/4/25 10:51,45.0,reached target SOC,Pass,,GZ_tewate_001
广州,7.0,12/4/25,廣鋁國際中心充電站,DC_UC4_17460724,Normal Test,雲快充,公牛集團股份有限公司,DC,380.0,120.0,80.0,掃描 QRcode,1.0,12/4/25 11:12,43.0,12/4/25 11:16,47.0,APP,Pass,,GZ_unknown_cpo_043
广州,7.0,12/4/25,廣州白雲夏茅超充站,DC_UC6_17460721,Normal Test,车电网(广汽),广汽能源,DC,1000.0,500.0,250.0,掃描 QRcode,0.0,12/4/25 12:22,42.0,12/4/25 12:28,49.0,LAT,,,GZ_unknown_cpo_044
广州,7.0,12/4/25,广州 W 酒店,AC_UC1_17460722,Abnormal(Unable to enter),朗新能源,,,,,,,,,,,,,,,GZ_langxin_001
广州,7.0,12/4/25,特来电广州荔湾悦汇城超充站,DC_UC5_17460720,Normal Test,奥特能,特來電,DC,1000.0,250.0,,掃描 QRcode,1.0,12/4/25 14:37,40.0,12/4/25 14:42,45.0,reached target SOC,,,GZ_unknown_cpo_045
广州,7.0,12/4/25,广州 W 酒店,DC_UC4_17460724,Normal Test,小象快充,深圳市车电網路又现公司,DC,750.0,160.0,120.0,掃描 QRcode,1.0,12/4/25 14:50,44.0,12/4/25 14:52,45.0,LAT,Pass,,GZ_unknown_cpo_046
广州,7.0,12/4/25,猎德村社卫中心地面充电站,DC_UC4_17460724,Normal Test,小桔充电,珠海泰坦科技股分有限公司,Dc,1000.0,480.0,480.0,掃描 QRcode,0.0,12/4/25 15:41,41.0,12/4/25 15:44,45.0,LAT,Pass,,GZ_xiaoju_001
广州,7.0,12/4/25,华景新天地充电站	,DC_UC4_17460724,Normal Test,小桔充电,深圳市勝宏電器股份有限公司,DC,750.0,750.0,120.0,掃描 QRcode,0.0,12/4/25 16:18,43.0,12/4/25 16:22,45.0,LAT,Pass,,GZ_xiaoju_002
广州,7.0,12/4/25,居然之家-赛鑫超级充电站,AC_UC1_17460722,Abnormal(Unable to enter),小桔充电,,,,,,,,,,,,,,CPO 快電,GZ_xiaoju_003
广州,8.0,12/5/25,广汽能源,DC_UC5_17460720,Normal Test,广汽能源,万城万冲,DC,1000.0,250.0,240.0,掃描 QRcode,1.0,12/5/25 10:33,40.0,12/5/25 10:38,45.0,reached target SOC,Pass,旁邊發現華為充電站,GZ_guangqi_001
广州,8.0,12/5/25,广汽能源,AC_UC1_17460722,Normal Test,广汽能源,广汽能源,DC,,,,掃描 QRcode,1.0,12/5/25 10:42,45.0,12/5/25 10:46,49.0,APP,Pass,,GZ_guangqi_001
广州,8.0,12/5/25,華為超級衝,DC_UC4_17460724,Normal Test,華為,華為,HPC,1000.0,600.0,600.0,掃描 QRcode,1.0,12/5/25 10:49,49.0,12/5/25 10:51,52.0,CID,Pass,測試是否能到 600 KW ,GZ_unknown_cpo_047
广州,8.0,12/5/25,广州城投（大东门）超充站,AC_UC1_17460722,Normal Test,城投充电,深圳市鴻嘉利新能源有限公司,HPC,1000.0,600.0,480.0,掃描 QRcode,0.0,12/5/25 11:34,50.0,12/5/25 11:39,53.0,APP,Pass,广州城投（大东门）超充站,GZ_unknown_cpo_048
广州,8.0,12/5/25,中旅交通（安创）超级充电站,DC_UC4_17460724,Normal Test,國能安儲,深圳,DC,1000.0,250.0,360.0,掃描 QRcode,1.0,12/5/25 12:20,51.0,12/5/25 12:21,53.0,CID,Pass,中旅交通（安创）超级充电站本站已入住小橘充電,GZ_unknown_cpo_049
广州,8.0,12/5/25,广州花都融创茂公共充电站,AC_UC1_17460722,Normal Test,南方電網,南方電網,DC,750.0,250.0,160.0,掃描 QRcode,1.0,12/5/25 13:06,47.0,12/5/25 13:08,48.0,LAT,Pass,白名單上第一名充電站,GZ_unknown_cpo_050
广州,8.0,12/5/25,至泰广场充电站,DC_UC4_17460724,Abnormal(Unable to enter),小桔,,,,,,掃描 QRcode,1.0,,,,,,,至泰广场充电站,GZ_xiaoju_004
广州,8.0,12/5/25,特斯拉,DC_UC4_17460724,Normal Test,特斯拉,特斯拉,DC,410.0,270.0,,掃描 QRcode,1.0,12/5/25 16:42,31.0,12/5/25 16:44,33.0,reached target SOC,Pass,特斯拉,GZ_tesla_001
广州,8.0,12/5/25,星星充電,AC_UC1_17460722,Normal Test,星星充電,萬邦,DC,1000.0,250.0,240.0,掃描 QRcode,0.0,12/5/25 16:56,33.0,12/5/25 17:02,34.0,LAT,Pass,星星充電 奔馳專用 用小程序掃描後 可用星星充電小程序充電,GZ_unknown_cpo_051
广州,8.0,12/5/25,广汽能源,AC_UC1_17460722,Normal Test,广汽能源,广汽能源,DC,,,,掃描 QRcode,1.0,,,,,reached target SOC,Failed,Charger,GZ_guangqi_001
广州,8.0,12/5/25,广汽能源,AC_UC1_17460722,Normal Test,广汽能源,廣汽,DC,1000.0,250.0,240.0,掃描 QRcode,0.0,12/5/25 18:15,28.0,12/5/25 18:18,33.0,APP,Pass,前兩次啟動失敗,GZ_guangqi_001
广州,8.0,12/5/25,小鵬,AC_UC1_17460722,Normal Test,小鵬,西安岭充无线新能源科技有限公司,HPC,1000.0,800.0,800.0,掃描 QRcode,1.0,12/5/25 18:24,33.0,12/5/25 18:27,35.0,CID,Pass,,GZ_unknown_cpo_052
广州,8.0,12/5/25,天光地合,DC_UC6_17460721,Normal Test,天光地合,盛宏,DC,1000.0,250.0,120.0,掃描 QRcode,0.0,12/5/25 19:06,32.0,12/5/25 19:08,35.0,LAT,Pass,掃碼顯示小桔充電,GZ_tianguangdihe_001
广州,8.0,12/5/25,億立新,DC_UC4_17460724,Normal Test,億立新,珠海泰坦科技股份有限公司,DC,1000.0,400.0,400.0,掃描 QRcode,0.0,12/5/25 19:20,35.0,12/5/25 19:23,36.0,CID,Pass,登徒 e 站  APP 啟電為新店途,GZ_unknown_cpo_053
广州,8.0,12/5/25,珠海驛聯 e 充電,DC_UC4_17460724,Normal Test,珠海驛聯 e 充電,泰坦,DC,750.0,380.0,120.0,掃描 QRcode,0.0,12/5/25 19:52,35.0,12/5/25 19:53,37.0,CID,Pass,要掃描下面的 e 充電,GZ_unknown_cpo_054
广州,8.0,12/5/25,昊铂-中国石油广州富洲中心超充站,DC_UC4_17460724,Normal Test,广汽能源,万城万冲,DC,1000.0,250.0,180.0,掃描 QRcode,1.0,12/5/25 20:24,35.0,12/5/25 20:25,37.0,LAT,Pass,終於結束了，累死了,GZ_guangqi_002
成都,1.0,2026-03-09 00:00:00,大充新都锦水苑充电站,UC01_CC_DC_AC_Sessions,Normal Test,達克雲,浙江萬馬新能源有限公司,DC,1000.0,250.0,120.0,Scan QR Code,0.0,2026-03-09 11:24:24,73.0,2026-03-09 11:26:42,78.0,APP,Pass,實際電流會大於需求電流,CD_unknown_cpo_001
成都,1.0,2026-03-09 00:00:00,大邑县铭奇快速充电站,UC01_CC_DC_AC_Sessions,Normal Test,太能沖,成都智邦科技有限公司,DC,220.0,250.0,100.0,Scan QR Code,0.0,2026-03-09 13:04:35,69.0,2026-03-09 13:07:31,71.0,LAT,Pass,,CD_unknown_cpo_002
成都,1.0,2026-03-09 00:00:00,蒲江亿谦充电站3号桩,UC01_CC_DC_AC_Sessions,Normal Test,億謙,广东尚晟新能源科技有限公司,DC,1000.0,400.0,120.0,Scan QR Code,1.0,2026-03-09 14:35:52,56.0,2026-03-09 14:40:33,59.0,LAT,Pass,,CD_unknown_cpo_003
成都,1.0,2026-03-09 00:00:00,石羊场汽车充换电站,UC01_CC_DC_AC_Sessions,Station Inaccessible,,,,,,,,,,,,,,,,
成都,1.0,2026-03-09 00:00:00,億天宸新能源充電站,UC01_CC_DC_AC_Sessions,Normal Test,億天宸,深圳市永联科技股份有限公司,DC,1000.0,500.0,320.0,Scan QR Code,1.0,2026-03-09 15:58:33,43.0,2026-03-09 16:04:03,46.0,CID,Pass,場站cpo無法使用 只能使用雲快充啟動 二維碼失效,CD_unknown_cpo_004
成都,1.0,2026-03-09 00:00:00,理想超级充电站(理想超充站成都高新新园大道),UC01_CC_DC_AC_Sessions,Station Inaccessible,,,,,,,,,,,,,,,,
成都,1.0,2026-03-09 00:00:00,仁和云朵超充站,UC01_CC_DC_AC_Sessions,Normal Test,仁和云朵,深圳市永联科技股份有限公司,DC,1000.0,500.0,320.0,Scan QR Code,1.0,,45.0,2026-03-09 16:24:38,48.0,LAT,Pass,開始時間16:22,CD_renheyunduo_001
成都,1.0,2026-03-09 00:00:00,特来电川能综能-天府国际金融中心充电站,UC01_CC_DC_AC_Sessions,Normal Test,四川能源,青岛特来电新能源科技有限公司,DC,1000.0,600.0,600.0,Scan QR Code,1.0,,46.0,2026-03-09 17:03:05,51.0,LAT,Pass,,CD_sichuannengyuan_001
成都,1.0,2026-03-09 00:00:00,特来电中国华商金融中心充电站,UC01_CC_DC_AC_Sessions,Normal Test,崑崙網電,深圳市科华恒盛科技有限公司,DC,1000.0,400.0,120.0,Scan QR Code,1.0,,50.0,,51.0,CID,Pass,開始結束時間17:16，17:18,CD_unknown_cpo_005
成都,1.0,2026-03-09 00:00:00,中國石油,UC01_CC_DC_AC_Sessions,Normal Test,中國石油 金融中心站,深圳市科华恒盛科技有限公司,AC,220.0,32.0,,Scan QR Code,0.0,2026-03-09 17:23:19,51.0,2026-03-09 17:25:03,52.0,CID,Pass,,CD_unknown_cpo_006
成都,1.0,2026-03-09 00:00:00,高盛公馆充电站,UC01_CC_DC_AC_Sessions,Normal Test,小橘充電,陽光電源股份有限公司,DC,1000.0,250.0,120.0,Scan QR Code,0.0,2026-03-09 17:38:51,50.0,2026-03-09 17:43:53,54.0,LAT,Pass,CPO包含了滴滴充電,CD_unknown_cpo_007
成都,1.0,2026-03-09 00:00:00,无诤摩方购物中心充电站,UC01_CC_DC_AC_Sessions,Normal Test,小橘充電,深圳市盛弘電器,DC,1000.0,250.0,250.0,Scan QR Code,1.0,2026-03-09 18:19:06,52.0,2026-03-09 18:22:45,58.0,LAT,Pass,滴滴充電 小橘 愉快充 快電 掃碼出來是雲快充,CD_unknown_cpo_008
成都,2.0,2026-03-10 00:00:00,道暢充充超級充電站(都江堰太陽島液冷超充站),UC01_CC_DC_AC_Sessions,Normal Test,道唱充充,四川沃轮电气制造有限公司,DC,1000.0,250.0,250.0,Scan QR Code,0.0,2026-03-10 12:12:39,30.0,2026-03-10 12:15:12,34.0,LAT,Pass,掃顯示器上的二維碼沒作用，需要掃裝上貼的二維碼才可以啟動,CD_daochangchongchong_001
成都,2.0,2026-03-10 00:00:00,小鵬超級充電站（都江堰）,UC01_CC_DC_AC_Sessions,Normal Test,萬淨極速充,万帮数字能源股份有限公司,DC,1000.0,250.0,180.0,Scan QR Code,1.0,2026-03-10 12:28:34,34.0,2026-03-10 12:30:16,34.0,CID,Pass,顯示器二維碼無法識別，掃描充電樁上的快充二維碼才能啟動,CD_unknown_cpo_009
成都,2.0,2026-03-10 00:00:00,小鵬超級充電站（都江堰）,UC01_CC_DC_AC_Sessions,Normal Test,小鵬,西安领充无限新能源科技有限公司,DC,1000.0,700.0,700.0,Scan QR Code,1.0,2026-03-10 12:38:10,34.0,2026-03-10 12:39:59,380.0,Target SOC,Pass,測試裝為 480kw,CD_unknown_cpo_010
成都,2.0,2026-03-10 00:00:00,小鵬超級充電站（都江堰）,UC01_CC_DC_AC_Sessions,Normal Test,小鵬,西安领充无限新能源科技有限公司,DC,1000.0,400.0,400.0,Scan QR Code,1.0,2026-03-10 12:42:48,38.0,2026-03-10 12:44:01,43.0,LAT,Pass,,CD_unknown_cpo_010
成都,2.0,2026-03-10 00:00:00,小鵬超級充電站（都江堰）,UC01_CC_DC_AC_Sessions,Normal Test,城頭能源,深圳市泳聯科技公司,DC,1000.0,250.0,60.0,Scan QR Code,1.0,2026-03-10 12:54:09,43.0,2026-03-10 12:56:46,45.0,LAT,Pass,實際輸出功率大於額定功率，CPO 蓉e充,CD_unknown_cpo_011
成都,2.0,2026-03-10 00:00:00,逸安啟超充站(成都龍湖金楠天街),UC01_CC_DC_AC_Sessions,Normal Test,Bmw,深圳英飛源技有限公司,DC,1000.0,600.0,600.0,Scan QR Code,1.0,2026-03-10 17:00:25,43.0,2026-03-10 17:05:44,60.0,APP,Pass,,CD_bmw_001
成都,2.0,2026-03-10 00:00:00,特斯拉(成都仁和新城城市展厅),UC01_CC_DC_AC_Sessions,Normal Test,Tesla,tesla,DC,720.0,789.0,106.0,Scan QR Code,1.0,2026-03-10 18:03:33,57.0,2026-03-10 18:04:57,60.0,CID,Pass,ＡＰＰ停止時 車端報錯，車輛提示充電發生錯誤,CD_tesla_001
成都,2.0,2026-03-10 00:00:00,億豐匯超級充電站,UC01_CC_DC_AC_Sessions,Normal Test,億匯充,萬邦數字科技,DC,1000.0,400.0,120.0,Scan QR Code,1.0,2026-03-10 18:27:01,60.0,2026-03-10 18:29:40,63.0,CID,Pass,,CD_unknown_cpo_012
成都,2.0,2026-03-10 00:00:00,武侯商程超充站,UC01_CC_DC_AC_Sessions,Normal Test,惠知電,重庆惠程未来智能电气有限公司,DC,1000.0,250.0,250.0,Scan QR Code,1.0,2026-03-10 18:54:59,60.0,2026-03-10 18:56:51,61.0,LAT,Pass,,CD_unknown_cpo_013
成都,2.0,2026-03-10 00:00:00,港投中油高升桥充电站,UC01_CC_DC_AC_Sessions,Normal Test,公交新能源,四川沃轮电气制造有限公司,DC,1000.0,600.0,80.0,Scan QR Code,1.0,2026-03-10 19:30:24,60.0,2026-03-10 19:33:15,,Target SOC,Failed,,CD_gongjiao_001
成都,2.0,2026-03-10 00:00:00,港投中油高升桥充电站,UC01_CC_DC_AC_Sessions,Normal Test,公交新能源,四川沃轮电气制造有限公司,DC,,,,Scan QR Code,1.0,2026-03-10 19:35:54,60.0,2026-03-10 19:38:14,61.0,CID,Pass,掃描小吉充電開始，相片同上一條紀錄中,CD_gongjiao_001
成都,3.0,2026-03-11 00:00:00,云快充汽车充电站(银木佳苑充电站),UC01_CC_DC_AC_Sessions,Normal Test,雲快充,四川蔚守电气有限公司,DC,750.0,250.0,60.0,Scan QR Code,1.0,2026-03-11 10:43:00,51.0,2026-03-11 10:46:00,53.0,APP,Pass,,CD_unknown_cpo_014
成都,3.0,2026-03-11 00:00:00,百源智联充电站(成都市龙泉普洛斯),UC01_CC_DC_AC_Sessions,Normal Test,百源智联,四川蔚字电气有限责任公司,DC,750.0,200.0,120.0,Scan QR Code,1.0,2026-03-11 11:19:00,51.0,2026-03-11 11:23:00,53.0,APP,Pass,充電電流150A,CD_baiyuanzhilian_001
成都,3.0,2026-03-11 00:00:00,新电途汽车充电站(壹电蜀福卡充电站),UC01_CC_DC_AC_Sessions,Normal Test,新電徒,深圳科士达科技股份有限公司,DC,750.0,250.0,120.0,Scan QR Code,1.0,2026-03-11 12:31:00,44.0,2026-03-11 12:32:00,45.0,LAT,Pass,,CD_unknown_cpo_015
成都,3.0,2026-03-11 00:00:00,领充双流示范充电站,UC01_CC_DC_AC_Sessions,Normal Test,領充,领充新能源科技有限公司,DC,1000.0,120.0,120.0,Scan QR Code,1.0,2026-03-11 15:30:00,27.0,2026-03-11 15:33:00,,Target SOC,Pass,,CD_unknown_cpo_016
成都,3.0,2026-03-11 00:00:00,领充双流示范充电站,UC01_CC_DC_AC_Sessions,Normal Test,領充,领充新能源科技有限公司,DC,1000.0,120.0,120.0,Scan QR Code,1.0,2026-03-11 15:34:00,30.0,2026-03-11 15:37:00,35.0,LAT,Pass,第二種外型不同,CD_unknown_cpo_016
成都,3.0,2026-03-11 00:00:00,惠程科技汽车充电站(商程新能源武侯区水韵园),UC01_CC_DC_AC_Sessions,Normal Test,武侯商程,重庆惠程未来智能电气有限公司,DC,1000.0,250.0,250.0,Scan QR Code,1.0,,31.0,2026-03-11 16:06:00,35.0,APP,Pass,開始時間1604,CD_wuhoushangcheng_001
成都,3.0,2026-03-11 00:00:00,蜀道新能源汽车充电站(万贯商城充电站项目),UC01_CC_DC_AC_Sessions,Normal Test,蜀道新能源,深圳英飞源技术有限公司,DC,1000.0,500.0,500.0,Scan QR Code,1.0,2026-03-11 16:52:00,32.0,2026-03-11 16:55:00,35.0,APP,Pass,,CD_shudaoxinnengyuan_001
成都,3.0,2026-03-11 00:00:00,中电思极能充电站(盛世之都),UC01_CC_DC_AC_Sessions,Normal Test,殼牌,万帮数字能源股份有限公司,DC,1000.0,400.0,120.0,Scan QR Code,1.0,2026-03-11 17:27:00,32.0,2026-03-11 17:29:00,33.0,APP,Pass,需求電流大於輸出電流,CD_unknown_cpo_017
成都,3.0,2026-03-11 00:00:00,中电思极能充电站(盛世之都),UC01_CC_DC_AC_Sessions,Normal Test,星星充電,万帮数宇能源股份有限公司,DC,1000.0,250.0,250.0,Scan QR Code,0.0,2026-03-11 17:37:00,33.0,2026-03-11 17:41:00,35.0,LAT,Pass,實際功率180,CD_unknown_cpo_018
成都,3.0,2026-03-11 00:00:00,特瓦特汽车充电站(特瓦特高新宜家超充站),UC01_CC_DC_AC_Sessions,Station Inaccessible,,,,,,,,,,,,,,,設備維護無法使用,
成都,3.0,2026-03-11 00:00:00,昊柏充電站,UC01_CC_DC_AC_Sessions,Normal Test,昊柏,广州万城万充新能源科技有限公司,DC,1000.0,250.0,180.0,Scan QR Code,1.0,2026-03-11 19:03:00,31.0,2026-03-11 19:03:00,32.0,CID,Pass,,CD_haobai_001
成都,4.0,2026-03-11 00:00:00,极氪能源超级充电站(成都凯旋南城超充站),UC01_CC_DC_AC_Sessions,Normal Test,极氪,特來電,DC,1000.0,250.0,250.0,Scan QR Code,1.0,2026-03-11 19:08:00,31.0,2026-03-11 19:08:00,32.0,LAT,Pass,,CD_jike_001
成都,4.0,2026-03-12 00:00:00,国家电网汽车充电站(四川省成都市高新区府城大道西段355号石羊充电站),UC01_CC_DC_AC_Sessions,Normal Test,國家電網,北京華商三優新能源科技有限公司,DC,1000.0,380.0,80.0,Scan QR Code,1.0,2026-03-12 10:39:00,24.0,2026-03-12 10:38:00,25.0,APP,Pass,,CD_unknown_cpo_019
成都,4.0,2026-03-12 00:00:00,太空充电汽车充电站(白羊座行星超能舱成都港汇天地),UC01_CC_DC_AC_Sessions,Normal Test,太空充電,成都新時代宇航科技有限公司,DC,750.0,250.0,360.0,Scan QR Code,1.0,2026-03-12 11:34:00,25.0,2026-03-12 11:37:00,29.0,LAT,Pass,,CD_unknown_cpo_020
成都,4.0,2026-03-12 00:00:00,蔚来能源超级充电站(成都麓湖海浪公园),UC01_CC_DC_AC_Sessions,Normal Test,Nio,武汉蔚来能源设备有限公司,DC,1000.0,250.0,200.0,Scan QR Code,1.0,2026-03-12 12:17:00,27.0,2026-03-12 12:19:00,28.0,APP,Pass,,CD_nio_001
成都,4.0,2026-03-12 00:00:00,南方电网汽车充电站(万纬成都天府物流园充电站),UC01_CC_DC_AC_Sessions,Normal Test,南方電網,南方电网电动汽车服务有限公司,DC,750.0,250.0,180.0,Scan QR Code,1.0,2026-03-12 12:57:00,24.0,2026-03-12 13:04:00,28.0,CID,Pass,,CD_unknown_cpo_021
成都,4.0,2026-03-12 00:00:00,中装天如(环球都汇充电站),UC01_CC_DC_AC_Sessions,Normal Test,中装天如,深圳市盛弘电气限份有限公司,DC,1000.0,250.0,250.0,Scan QR Code,1.0,2026-03-12 14:35:00,11.0,2026-03-12 14:38:00,22.0,APP,Pass,,CD_zhongzhuangtianru_001
成都,4.0,2026-03-12 00:00:00,广汽能源汽车充电站(广汽昊铂成都旭辉广场超充站),UC01_CC_DC_AC_Sessions,Normal Test,開麥斯,萬邦數字能源股份有限公司,DC,1000.0,250.0,180.0,Scan QR Code,1.0,2026-03-12 15:40:00,21.0,2026-03-12 15:43:00,26.0,APP,Pass,,CD_unknown_cpo_022
成都,4.0,2026-03-12 00:00:00,成都招商大魔方充電站,UC01_CC_DC_AC_Sessions,Normal Test,嵐圖,斑图汽车料技股份有限公司,DC,1000.0,250.0,250.0,Scan QR Code,0.0,2026-03-12 18:05:00,17.0,2026-03-12 18:11:00,27.0,CID,Pass,終端輔能 有顯示12v但是不能切換,CD_unknown_cpo_023
成都,4.0,2026-03-12 00:00:00,成都招商大魔方充電站,UC01_CC_DC_AC_Sessions,Normal Test,蔚景雲,深圳市盛弘電氣製造有限公司,DC,1000.0,250.0,250.0,Scan QR Code,1.0,2026-03-12 18:24:00,27.0,2026-03-12 18:24:00,28.0,Target SOC,Pass,少一個風扇選項,CD_unknown_cpo_024
成都,4.0,2026-03-12 00:00:00,大潤發理想超級充電站,UC01_CC_DC_AC_Sessions,Normal Test,車庫電裝,車庫七號新能源科技有限公司,DC,1000.0,160.0,120.0,Scan QR Code,1.0,2026-03-12 19:00:00,26.0,2026-03-12 19:15:00,27.0,CID,Pass,回頭補上,CD_unknown_cpo_025
成都,4.0,2026-03-12 00:00:00,大潤發理想超級充電站,UC01_CC_DC_AC_Sessions,Normal Test,理想,万帮数宇能源股份有限公司,DC,1000.0,400.0,400.0,Scan QR Code,1.0,2026-03-12 19:15:00,27.0,2026-03-12 19:17:00,28.0,APP,Pass,,CD_lixiang_001
成都,4.0,2026-03-12 00:00:00,大潤發理想超級充電站,UC01_CC_DC_AC_Sessions,Normal Test,廣汽能源,廣汽能源,DC,1000.0,250.0,250.0,Scan QR Code,1.0,2026-03-12 19:20:00,28.0,2026-03-12 19:24:00,29.0,LAT,Pass, 廣汽lat,CD_unknown_cpo_026
成都,4.0,2026-03-13 00:00:00,驢充充充電站,UC01_CC_DC_AC_Sessions,Normal Test,驢充充,江西驴充充充电技术有限公司,DC,750.0,200.0,80.0,Scan QR Code,1.0,2026-03-13 11:08:00,18.0,2026-03-13 11:09:00,30.0,LAT,Pass,,CD_unknown_cpo_027
成都,5.0,2026-03-13 00:00:00,快鰻充電站,UC01_CC_DC_AC_Sessions,Normal Test,快鰻,領沖,DC,1000.0,200.0,60.0,Scan QR Code,1.0,2026-03-13 12:20:00,,2026-03-13 12:20:00,22.0,CID,Pass,,CD_unknown_cpo_028
成都,5.0,2026-03-13 00:00:00,特斯拉超級充電站,UC01_CC_DC_AC_Sessions,Normal Test,特斯拉,特斯拉,DC,,,,Scan QR Code,1.0,,,,,,Pass,電流會跳到六千多安,CD_tesla_002
成都,5.0,2026-03-13 00:00:00,眉山服務區汽車充電站,UC01_CC_DC_AC_Sessions,Normal Test,四川明星新能源,四川中環創聯,DC,1000.0,250.0,250.0,Scan QR Code,1.0,,10.0,2026-03-13 14:54:00,30.0,LAT,Pass,,CD_sichuanmingxing_001
成都,5.0,2026-03-13 00:00:00,衛萊電充電站,UC01_CC_DC_AC_Sessions,Normal Test,衛萊電,領充,DC,1000.0,250.0,80.0,Scan QR Code,0.0,2026-03-13 16:33:00,2.0,2026-03-13 16:33:00,14.0,Target SOC,Pass,,CD_unknown_cpo_029
成都,5.0,2026-03-14 00:00:00,逸安启超充站-成都仁和新城,UC01_CC_DC_AC_Sessions,Normal Test,逸安起,,,,,,Scan QR Code,1.0,,,,,,Pass,App提示百分之九十七停止 實際停止八分鐘九十六 充電完成後不提是綠燈 （充電完成）預計完成時間1244,CD_yianqi_001
重庆,1.0,2026-03-15 00:00:00,上海城紫微星超级充电站,UC01_CC_DC_AC_Sessions,Normal Test,紫微星科技,四川蔚宇電器,DC,380.0,250.0,80.0,Scan QR Code,1.0,2026-03-15 11:14:00,5.0,,20.0,Target SOC,Pass,直接掃描屏幕二維碼不能，輸入必須掃描星星充電二維碼。地圖顯示同為星系充電站,CQ_ziweixingkeji_001
重庆,1.0,2026-03-15 00:00:00,愉秒充九龙坡奥体金龙超充站,UC02_DC_eRoute_vWM,Normal Test,愉秒充,华为数字飽漂技本有限公司,DC,1000.0,380.0,380.0,Scan QR Code,1.0,2026-03-15 12:05:00,18.0,2026-03-15 12:07:00,21.0,LAT,Pass,L A T停止沒有反應鎖車解鎖之後LED工作,CQ_yumiaochong_001
重庆,1.0,2026-03-15 00:00:00,愉秒充九龙坡奥体金龙超充站,UC01_CC_DC_AC_Sessions,Normal Test,愉秒充,华为教字能源技术有限公司,DC,1000.0,600.0,600.0,Scan QR Code,0.0,2026-03-15 12:11:00,21.0,2026-03-15 12:15:00,29.0,CID,Pass,,CQ_yumiaochong_001
重庆,1.0,2026-03-15 00:00:00,易安充马王场超级充电站,UC01_CC_DC_AC_Sessions,Normal Test,易安電,厦门易安电新能源科技有限公司,DC,750.0,250.0,160.0,Scan QR Code,0.0,2026-03-15 12:35:00,30.0,2026-03-15 12:40:00,35.0,Target SOC,Pass,,CQ_unknown_cpo_001
重庆,1.0,2026-03-15 00:00:00,小可樂科技充電站,UC01_CC_DC_AC_Sessions,Normal Test,小可乐,珠海小司可乐科技有限公司,DC,1000.0,500.0,250.0,Scan QR Code,0.0,2026-03-15 13:13:00,33.0,2026-03-15 13:16:00,34.0,CID,Pass,,CQ_xiaokele_001
重庆,1.0,2026-03-15 00:00:00,吉智能源充電站,UC01_CC_DC_AC_Sessions,Normal Test,吉智能源,石家庄科林电气股份有限公司,DC,1000.0,270.0,180.0,Scan QR Code,1.0,2026-03-15 15:28:00,23.0,2026-03-15 15:29:00,24.0,Target SOC,Pass,QR Code使用新電途掃描,CQ_jizhi_001
重庆,1.0,2026-03-15 00:00:00,吉智能源充電站,UC01_CC_DC_AC_Sessions,Normal Test,吉智能源,石家庄科林电气股份有限公司,DC,1000.0,240.0,480.0,Scan QR Code,1.0,2026-03-15 15:32:00,24.0,2026-03-15 15:33:00,27.0,CID,Pass,,CQ_jizhi_001
重庆,1.0,2026-03-15 00:00:00,易安裝老廠充電站,UC01_CC_DC_AC_Sessions,Normal Test,易安裝,中盾电气（重庆）有限公司,DC,750.0,250.0,160.0,Scan QR Code,0.0,2026-03-15 16:25:00,24.0,2026-03-15 16:30:00,28.0,LAT,Pass,,CQ_unknown_cpo_002
重庆,1.0,2026-03-15 00:00:00,庫倫超級充電站,UC01_CC_DC_AC_Sessions,Normal Test,雲鯤新能源,深圳永聯科技,DC,1000.0,250.0,250.0,Scan QR Code,1.0,2026-03-15 17:46:00,21.0,2026-03-15 17:51:00,27.0,CID,Pass,,CQ_unknown_cpo_003
重庆,1.0,2026-03-15 00:00:00,幸福千萬家,UC01_CC_DC_AC_Sessions,Normal Test,幸福千萬家,杭州極電電子科技有限公司,DC,1000.0,250.0,250.0,Scan QR Code,1.0,2026-03-15 18:20:00,28.0,2026-03-15 18:40:00,30.0,Target SOC,Pass,,CQ_unknown_cpo_004
重庆,2.0,2026-03-16 00:00:00,特瓦特超级充电站(茶园),UC01_CC_DC_AC_Sessions,Normal Test,特瓦特,特瓦特,DC,1000.0,600.0,600.0,Scan QR Code,1.0,2026-03-16 11:00:00,,2026-03-16 11:05:00,,,Pass,,CQ_tewate_001
重庆,2.0,2026-03-16 00:00:00,帕克公源-美业路超级充电站,UC01_CC_DC_AC_Sessions,Normal Test,帕克公源,深圳英飞源技术有限公司,DC,1000.0,250.0,250.0,Scan QR Code,1.0,2026-03-16 11:25:00,,2026-03-16 11:30:00,,,Pass,,CQ_pakegongyuan_001
重庆,2.0,2026-03-16 00:00:00,新电途汽车充电站(滨南时代I滨南股份站),UC01_CC_DC_AC_Sessions,Normal Test,滨南时代,成都豐泰電器有限公司,DC,1000.0,360.0,360.0,Scan QR Code,1.0,2026-03-16 11:35:00,,2026-03-16 11:40:00,,,Pass,,CQ_binnanshidai_001
重庆,2.0,2026-03-16 00:00:00,小飞象重庆市渝北区华宇御临府五期充电站,UC01_CC_DC_AC_Sessions,Normal Test,雷曼,杭州小鶴科技有限公司,AC,220.0,32.0,7.0,Scan QR Code,0.0,2026-03-16 12:20:00,,2026-03-16 12:25:00,,,Pass,,CQ_leiman_001
重庆,2.0,2026-03-16 00:00:00,小飞象重庆市渝北区华宇御临府五期充电站,UC01_CC_DC_AC_Sessions,Normal Test,閃開,陽光股份有限公司,AC,220.0,32.0,7.0,Scan QR Code,0.0,2026-03-16 12:20:00,,2026-03-16 12:25:00,,,Pass,,CQ_unknown_cpo_005
重庆,2.0,2026-03-16 00:00:00,小飞象重庆市渝北区华宇御临府五期充电站,UC01_CC_DC_AC_Sessions,Normal Test,藍鯉,深圳驛普樂氏科技有限公司,AC,220.0,32.0,7.0,Scan QR Code,0.0,2026-03-16 12:25:00,,2026-03-16 12:30:00,,,Pass,,CQ_unknown_cpo_006
重庆,2.0,2026-03-16 00:00:00,小飞象重庆市渝北区华宇御临府五期充电站,UC01_CC_DC_AC_Sessions,Normal Test,小飛象,嘉興智行物聯網技術有限公司,AC,220.0,32.0,7.0,Scan QR Code,0.0,2026-03-16 12:30:00,,2026-03-16 12:35:00,,,Pass,,CQ_unknown_cpo_007
重庆,2.0,2026-03-16 00:00:00,朗新能源投资有限公司充电站(金色阳光充电站),UC01_CC_DC_AC_Sessions,Normal Test,小朗新能源,朗新新能源科技有限公司,AC,220.0,32.0,7.0,Scan QR Code,0.0,2026-03-16 12:40:00,,2026-03-16 12:45:00,,,Pass,,CQ_xiaolang_001
重庆,2.0,2026-03-16 00:00:00,岳华新能源汽车充电站(汇祥好莱坞站),UC01_CC_DC_AC_Sessions,Normal Test,岳华新能源,四川英傑新能源有限公司,DC,1000.0,250.0,250.0,Scan QR Code,1.0,2026-03-16 14:30:00,,2026-03-16 14:35:00,,,Pass,,CQ_yuehua_001
重庆,2.0,2026-03-16 00:00:00,驿满充电汽车充电站(驿满开泰路公交),UC01_CC_DC_AC_Sessions,Normal Test,驿满充电,青島特來電新能源科技有限公司,DC,1000.0,250.0,250.0,Scan QR Code,1.0,2026-03-16 14:45:00,,2026-03-16 14:55:00,,,Pass,,CQ_yimanchongdian_001
重庆,2.0,2026-03-16 00:00:00,渝快充汽车充电站(江北五里店站),UC01_CC_DC_AC_Sessions,Normal Test,渝快充,浙江萬馬新能源有限公司,DC,500.0,290.0,180.0,Scan QR Code,1.0,2026-03-16 15:05:00,,2026-03-16 15:15:00,,,Pass,,CQ_yukuaichong_001
重庆,2.0,2026-03-16 00:00:00,润诚达汽车充电站(润宝三狼国际站),UC01_CC_DC_AC_Sessions,Normal Test,潤成達,深圳市潤誠達電力科技有限公司,DC,1000.0,250.0,120.0,Scan QR Code,1.0,2026-03-16 15:30:00,,2026-03-16 15:35:00,,,Pass,,CQ_unknown_cpo_008
重庆,2.0,2026-03-16 00:00:00,小马爱冲充电站,UC01_CC_DC_AC_Sessions,Normal Test,小馬愛充,廣州鋭速智能科技股份有限公司,DC,1000.0,250.0,250.0,Scan QR Code,1.0,2026-03-16 14:30:00,,2026-03-16 14:30:00,,,Pass,,CQ_unknown_cpo_009
重庆,3.0,2026-03-17 00:00:00,润来电超级充电站(重庆盛汇广场充电站),UC01_CC_DC_AC_Sessions,Normal Test,潤小電,杭州世創電子科技有限公司,DC,1000.0,250.0,250.0,Scan QR Code,0.0,2026-03-17 11:08:40,2.0,2026-03-17 11:10:12,8.0,LAT,Pass,,CQ_unknown_cpo_010
成都,3.0,2026-03-17 00:00:00,比亚迪闪充汽车充电站(领汇重庆众迈4S店),UC01_CC_DC_AC_Sessions,Normal Test,比亞迪,比亞迪,DC,1000.0,1000.0,1000.0,Scan QR Code,0.0,,2.0,,37.0,Target SOC,Pass,,CD_unknown_cpo_030
成都,3.0,2026-03-17 00:00:00,重庆能投云杉智慧双龙路充电站,UC01_CC_DC_AC_Sessions,Normal Test,重慶能源,雲衫科技,DC,650.0,500.0,,Scan QR Code,1.0,2026-03-17 12:18:48,37.0,2026-03-17 12:18:48,39.0,CID,Pass,,CD_unknown_cpo_031
重庆,3.0,2026-03-17 00:00:00,易佳電充電站,UC01_CC_DC_AC_Sessions,Normal Test,華之耀,广安鑫光新能源科技开发有限公司,DC,1000.0,250.0,160.0,Scan QR Code,1.0,2026-03-17 14:42:12,34.0,2026-03-17 14:42:46,36.0,CID,Pass,該站為充電樁 首次啟動失敗 充電模塊異常 ,CQ_unknown_cpo_011
成都,3.0,2026-03-17 00:00:00,迅電充電站,UC01_CC_DC_AC_Sessions,Normal Test,迅電,深圳永聯科技,DC,1000.0,500.0,160.0,Scan QR Code,1.0,2026-03-17 15:54:35,24.0,2026-03-17 15:54:40,32.0,LAT,Pass,,CD_unknown_cpo_032
重庆,3.0,2026-03-17 00:00:00,智道充電站,UC01_CC_DC_AC_Sessions,Station Inaccessible,智道,,,,,,,,,,,,,,停車場無法進入,CQ_zhidao_001
重庆,3.0,2026-03-17 00:00:00,一碼充電,UC01_CC_DC_AC_Sessions,Normal Test,一碼,,AC,220.0,32.0,7.0,Scan QR Code,0.0,2026-03-17 16:24:27,38.0,2026-03-17 16:28:20,38.0,CID,Pass,,CQ_unknown_cpo_012
贵阳,1.0,2026-03-18 00:00:00,中国石化超级充电站(綦江赶水停车区超充站重庆捷充),UC01_CC_DC_AC_Sessions,Normal Test,倢電充,貴州鴻蒙,DC,750.0,300.0,360.0,Scan QR Code,0.0,2026-03-18 14:44:33,16.0,2026-03-18 14:46:53,21.0,APP,Pass,,GY_unknown_cpo_001
贵阳,1.0,2026-03-18 00:00:00,贵州高速超级充电站(桐梓服务区海口方向充电站·华为超充技术支持),UC01_CC_DC_AC_Sessions,Normal Test,倢電充,貴州鴻蒙,DC,750.0,300.0,360.0,Scan QR Code,0.0,2026-03-18 14:44:33,16.0,2026-03-18 14:46:53,21.0,APP,Pass,,GY_unknown_cpo_002
贵阳,1.0,2026-03-18 00:00:00,聚合快充腾龙湾汽车充电站,UC01_CC_DC_AC_Sessions,Normal Test,聚合快充,深圳聚合快充,DC,,,,Scan QR Code,0.0,2026-03-18 17:59:31,29.0,2026-03-18 17:59:35,32.0,LAT,Pass,,GY_juhekuaichong_001
贵阳,1.0,2026-03-18 00:00:00,户户充汽车充电站(贵阳壹号新能源充电站),UC01_CC_DC_AC_Sessions,Normal Test,戶戶充,,AC,220.0,32.0,7.0,Scan QR Code,0.0,2026-03-18 18:10:31,24.0,2026-03-18 18:20:31,24.0,LAT,Pass,,GY_unknown_cpo_003
贵阳,1.0,2026-03-18 00:00:00,云谷向黔充汽车充电站(天田智慧产业园慢充),UC01_CC_DC_AC_Sessions,Normal Test,云谷向黔,深圳巴斯巴,DC,750.0,250.0,120.0,Scan QR Code,1.0,2026-03-18 18:43:13,23.0,2026-03-18 18:43:16,24.0,CID,Pass,,GY_yunguxiangqian_001
